feature1,feature2,feature3
9.629787569763074,green,2065-01-25
10.367524253532697,red,2065-01-26
7.965877723914254,green,2065-01-27
11.316478254777417,,2065-01-28
6.878947309290947,red,2065-01-29
8.493144906242174,blue,2065-01-30
8.81966582069236,blue,2065-01-31
,green,2065-02-01
13.658106551158319,red,2065-02-02
6.192028703438982,blue,2065-02-03
,red,2065-02-04
6.135531851451175,red,2065-02-05
10.526445115370132,red,2065-02-06
10.502125940762264,,2065-02-07
11.728402760818083,blue,2065-02-08
10.400439729699285,red,2065-02-09
14.309387904132018,red,2065-02-10
9.86021027693472,blue,2065-02-11
11.14340706079288,red,2065-02-12
10.26051247051735,green,2065-02-13
10.111565108110707,blue,2065-02-14
11.814642309768647,green,2065-02-15
10.02291050207518,,2065-02-16
12.103947848685777,blue,2065-02-17
8.439844360096021,red,2065-02-18
8.366608618994187,red,2065-02-19
11.095482739762623,red,2065-02-20
11.454100656655875,red,2065-02-21
8.808857903792717,blue,2065-02-22
10.37754567040904,green,2065-02-23
9.611580185554617,red,2065-02-24
11.161262823928224,blue,2065-02-25
,red,2065-02-26
8.959771688621487,blue,2065-02-27
9.316544580301949,,2065-02-28
,blue,2065-03-01
9.160708505888342,,2065-03-02
12.97079010258265,blue,2065-03-03
8.356901420542291,blue,2065-03-04
6.690324541309662,green,2065-03-05
7.354174635263988,blue,2065-03-06
11.103834791733536,green,2065-03-07
10.293071424876564,blue,2065-03-08
,blue,2065-03-09
8.416529604069858,green,2065-03-10
,green,2065-03-11
8.23877603980061,blue,2065-03-12
5.271791988311238,blue,2065-03-13
8.20876608634181,,2065-03-14
10.042002600578137,red,2065-03-15
8.378102669908644,blue,2065-03-16
12.966003375858634,blue,2065-03-17
11.026184843594619,red,2065-03-18
,green,2065-03-19
12.7980225465999,blue,2065-03-20
9.313408693607359,red,2065-03-21
9.7754260254793,red,2065-03-22
11.814581731896245,blue,2065-03-23
10.82074101632956,green,2065-03-24
9.528189374627692,blue,2065-03-25
7.9270935478466455,red,2065-03-26
8.178953677548696,blue,2065-03-27
10.30591814819088,green,2065-03-28
9.851938256197347,green,2065-03-29
10.075228077081889,red,2065-03-30
9.267378412807833,red,2065-03-31
6.579224198683036,blue,2065-04-01
8.055553075234426,red,2065-04-02
8.381197777763258,,2065-04-03
7.735428092826078,blue,2065-04-04
12.296018057361225,blue,2065-04-05
7.180509607310896,green,2065-04-06
11.914789099494604,red,2065-04-07
9.899472615248467,red,2065-04-08
11.716773922631475,blue,2065-04-09
,blue,2065-04-10
12.41611354413767,green,2065-04-11
10.723962047907692,blue,2065-04-12
11.004909569467731,,2065-04-13
11.554953024787675,red,2065-04-14
7.072766370965843,red,2065-04-15
4.812958324543359,green,2065-04-16
9.867122254678783,green,2065-04-17
8.688538594713041,green,2065-04-18
10.198294269854278,red,2065-04-19
8.63002137726177,green,2065-04-20
11.208081196127957,green,2065-04-21
8.00610569414389,red,2065-04-22
12.207774468958918,green,2065-04-23
6.645196490900986,green,2065-04-24
11.626418558251153,blue,2065-04-25
8.046530592856826,green,2065-04-26
11.245291849995546,green,2065-04-27
10.998835677493,red,2065-04-28
,red,2065-04-29
9.864744630588266,blue,2065-04-30
7.145974934914254,green,2065-05-01
12.763252793142433,green,2065-05-02
,red,2065-05-03
12.468085172474265,green,2065-05-04
9.800870102836262,blue,2065-05-05
11.226127024334975,red,2065-05-06
6.251804725014834,red,2065-05-07
11.32063095918431,red,2065-05-08
6.221096157421853,,2065-05-09
10.100941795186614,green,2065-05-10
9.105912327584225,green,2065-05-11
9.812301836866212,green,2065-05-12
10.99296678579667,,2065-05-13
11.027633193652434,blue,2065-05-14
7.972124596793554,blue,2065-05-15
8.465730151064754,red,2065-05-16
6.670182397739595,blue,2065-05-17
10.688458311777804,blue,2065-05-18
,green,2065-05-19
13.356754977507556,blue,2065-05-20
8.35382570066011,green,2065-05-21
7.398760432032283,,2065-05-22
10.598044144882143,red,2065-05-23
11.230742916197288,green,2065-05-24
8.515754058758741,,2065-05-25
6.047454966317437,blue,2065-05-26
5.775448916451446,blue,2065-05-27
13.49016652067633,green,2065-05-28
9.49365888009648,red,2065-05-29
9.666518819155494,green,2065-05-30
,red,2065-05-31
10.399449940749568,red,2065-06-01
9.948756104160035,red,2065-06-02
9.322993123567274,,2065-06-03
8.883922543140812,red,2065-06-04
9.846783850098785,green,2065-06-05
11.932363464568049,blue,2065-06-06
7.757375057386469,green,2065-06-07
7.894779554795985,blue,2065-06-08
8.87419562483473,blue,2065-06-09
7.012021392820651,red,2065-06-10
8.21107188574814,red,2065-06-11
10.338666669746917,red,2065-06-12
8.690696590581428,green,2065-06-13
8.791390826549943,green,2065-06-14
11.14743416162409,green,2065-06-15
8.001094712165411,red,2065-06-16
8.889104903505427,red,2065-06-17
11.626342039053101,,2065-06-18
9.7765742761809,green,2065-06-19
8.406126476187774,green,2065-06-20
11.250226530810451,blue,2065-06-21
10.711226800937583,blue,2065-06-22
9.772079309294078,blue,2065-06-23
11.060625564329573,blue,2065-06-24
,red,2065-06-25
11.134468741551116,red,2065-06-26
10.18387134313978,red,2065-06-27
9.255422624207945,green,2065-06-28
8.664024481070884,red,2065-06-29
10.954586105876295,green,2065-06-30
8.395002284090193,green,2065-07-01
11.446921090922059,green,2065-07-02
12.861004180748171,blue,2065-07-03
10.386108763063078,red,2065-07-04
9.322019809407184,red,2065-07-05
12.281361058808322,red,2065-07-06
10.519217072817014,red,2065-07-07
11.911825661191347,green,2065-07-08
6.462051293233792,blue,2065-07-09
7.360648231697034,,2065-07-10
8.740678086076123,green,2065-07-11
9.252399655400104,,2065-07-12
9.051286397149378,green,2065-07-13
9.455034373403022,red,2065-07-14
10.35123143560262,blue,2065-07-15
9.598988211736593,red,2065-07-16
8.585281202818551,green,2065-07-17
11.076275802217275,,2065-07-18
9.922903056066232,red,2065-07-19
10.132517402661994,blue,2065-07-20
14.76023150741322,red,2065-07-21
8.323544185927098,blue,2065-07-22
8.248405238054048,red,2065-07-23
10.039665581221957,green,2065-07-24
15.581081439384274,blue,2065-07-25
10.195490318144454,green,2065-07-26
10.132917033752426,red,2065-07-27
10.563956551257057,blue,2065-07-28
9.201312104413612,red,2065-07-29
11.700031436478113,green,2065-07-30
13.487335587457943,,2065-07-31
6.734636433035977,green,2065-08-01
8.362627478162866,green,2065-08-02
7.244610600288704,blue,2065-08-03
13.957431724842184,,2065-08-04
10.925317365964037,red,2065-08-05
5.468317562530212,,2065-08-06
10.70821737009036,green,2065-08-07
10.882653279028187,blue,2065-08-08
9.253744238134928,blue,2065-08-09
8.468702607943861,green,2065-08-10
12.191395045911225,green,2065-08-11
7.8398419603580285,green,2065-08-12
10.591329106188125,blue,2065-08-13
10.052540473684392,red,2065-08-14
9.23030154494387,red,2065-08-15
10.299617055026518,red,2065-08-16
9.511033399710632,red,2065-08-17
6.979619998664673,,2065-08-18
10.945321011943019,red,2065-08-19
8.477692123061487,green,2065-08-20
10.328547420319051,red,2065-08-21
7.847060904669864,green,2065-08-22
12.254811996026426,blue,2065-08-23
12.151446114770078,red,2065-08-24
10.21586935027915,,2065-08-25
9.199300105871922,green,2065-08-26
8.877002403433599,red,2065-08-27
6.059374841941411,blue,2065-08-28
6.512089588245866,green,2065-08-29
8.824433434972043,blue,2065-08-30
7.298067861380489,green,2065-08-31
8.438703898808399,red,2065-09-01
10.208194249509893,red,2065-09-02
7.312164219737108,green,2065-09-03
11.694656307154407,,2065-09-04
7.902023189008215,red,2065-09-05
9.10425454331664,red,2065-09-06
9.8211629886608,green,2065-09-07
12.118187193817484,,2065-09-08
10.124380111941448,green,2065-09-09
6.571043000114495,red,2065-09-10
7.142341062834855,blue,2065-09-11
9.848029060370674,red,2065-09-12
8.180660760655648,blue,2065-09-13
9.561828412383534,,2065-09-14
8.524642417179287,green,2065-09-15
12.239428224480006,green,2065-09-16
5.016562332083094,,2065-09-17
,red,2065-09-18
9.702902513980451,green,2065-09-19
12.010216203297684,red,2065-09-20
9.276038672587548,blue,2065-09-21
11.99206805451687,green,2065-09-22
,,2065-09-23
10.845198492672345,green,2065-09-24
10.19676362405797,green,2065-09-25
8.772235526353581,blue,2065-09-26
11.565687474933142,blue,2065-09-27
8.143403575789344,blue,2065-09-28
4.042263863479645,green,2065-09-29
15.799498902425318,,2065-09-30
6.230164507538552,blue,2065-10-01
11.311471148410648,red,2065-10-02
14.186325519837894,green,2065-10-03
10.795548800972767,,2065-10-04
8.000610332772265,red,2065-10-05
11.26127633238658,blue,2065-10-06
11.81191082563845,blue,2065-10-07
12.489973199503462,blue,2065-10-08
10.89074504633318,blue,2065-10-09
10.291237494824795,blue,2065-10-10
7.670338161002816,blue,2065-10-11
,green,2065-10-12
11.138087097588159,green,2065-10-13
8.661809145506918,red,2065-10-14
9.402085242341723,blue,2065-10-15
13.637551344385969,blue,2065-10-16
,red,2065-10-17
8.935117967702936,red,2065-10-18
9.041553165806464,blue,2065-10-19
12.275079720667971,blue,2065-10-20
8.867384119122583,blue,2065-10-21
12.46796327607231,blue,2065-10-22
9.861416221694464,green,2065-10-23
12.700706050313626,,2065-10-24
10.111499964402794,green,2065-10-25
9.654882485200247,red,2065-10-26
8.644271900740648,green,2065-10-27
8.097707818465242,red,2065-10-28
11.971134189558883,green,2065-10-29
9.940158284154348,blue,2065-10-30
9.041537100164003,green,2065-10-31
10.035076627830204,green,2065-11-01
10.75009232004886,,2065-11-02
12.207870083718205,green,2065-11-03
13.599264061977737,green,2065-11-04
9.739923020557871,,2065-11-05
11.496903799146782,blue,2065-11-06
9.49014055697928,blue,2065-11-07
14.789516741843187,blue,2065-11-08
10.934901509489173,blue,2065-11-09
11.53621710773952,blue,2065-11-10
10.901726155415178,red,2065-11-11
11.894542988519056,red,2065-11-12
12.14721657485545,,2065-11-13
,blue,2065-11-14
7.892606148933275,blue,2065-11-15
11.79428402400604,green,2065-11-16
11.718152527672595,green,2065-11-17
11.714794707981357,red,2065-11-18
,red,2065-11-19
9.66510242329878,green,2065-11-20
6.203001101385707,red,2065-11-21
12.20163805854648,green,2065-11-22
,blue,2065-11-23
13.01428207975756,green,2065-11-24
11.63442275468129,green,2065-11-25
10.783585745733602,blue,2065-11-26
11.513092044884477,red,2065-11-27
7.884753121191646,red,2065-11-28
,blue,2065-11-29
9.131418925060544,red,2065-11-30
10.565193596792831,red,2065-12-01
,blue,2065-12-02
8.672639943275465,blue,2065-12-03
8.503267015451103,blue,2065-12-04
13.258412467252553,blue,2065-12-05
,,2065-12-06
11.481987627766465,blue,2065-12-07
10.05085441889096,red,2065-12-08
7.88256555714637,blue,2065-12-09
,blue,2065-12-10
,red,2065-12-11
14.170099150753733,red,2065-12-12
8.096724190427722,red,2065-12-13
9.257165342973245,red,2065-12-14
,green,2065-12-15
11.323475941400625,blue,2065-12-16
9.447153606026607,,2065-12-17
,blue,2065-12-18
8.712526695787192,green,2065-12-19
9.21340236420823,red,2065-12-20
9.942141690436621,green,2065-12-21
10.527431654546753,red,2065-12-22
11.565074836398475,red,2065-12-23
10.363078740462772,red,2065-12-24
8.99450598506491,red,2065-12-25
9.840068535001022,blue,2065-12-26
6.726309528347334,green,2065-12-27
12.14338780219063,green,2065-12-28
11.33871481989753,red,2065-12-29
,green,2065-12-30
8.187635846542987,green,2065-12-31
13.855475032718875,green,2066-01-01
12.70564267331327,blue,2066-01-02
8.335398876757466,green,2066-01-03
12.568166198155616,green,2066-01-04
,red,2066-01-05
11.944566003198082,red,2066-01-06
6.921125953670396,red,2066-01-07
,green,2066-01-08
10.700247388129686,blue,2066-01-09
12.037360630672508,green,2066-01-10
9.817055283609664,blue,2066-01-11
15.248936577748005,green,2066-01-12
10.901698136759947,,2066-01-13
8.130854901772185,red,2066-01-14
9.184696228859583,red,2066-01-15
9.23026158965458,,2066-01-16
9.530668117811304,red,2066-01-17
10.877932589901325,blue,2066-01-18
7.269710861030134,red,2066-01-19
4.833999401226659,red,2066-01-20
,blue,2066-01-21
11.852774634330542,blue,2066-01-22
10.496890701055582,blue,2066-01-23
7.941202366232599,red,2066-01-24
10.841939209703213,,2066-01-25
8.487197775112133,red,2066-01-26
12.130014771226797,blue,2066-01-27
10.508549601847037,blue,2066-01-28
7.372321782739947,blue,2066-01-29
13.32042828150397,red,2066-01-30
,blue,2066-01-31
,red,2066-02-01
10.148600533642758,blue,2066-02-02
11.561908150866747,red,2066-02-03
6.839289791199992,red,2066-02-04
11.204463129387413,green,2066-02-05
10.018345797940912,red,2066-02-06
,green,2066-02-07
7.102810793664761,red,2066-02-08
,red,2066-02-09
9.061284435810155,,2066-02-10
12.878776203044826,green,2066-02-11
,blue,2066-02-12
7.66369640547393,green,2066-02-13
8.828172031202465,blue,2066-02-14
9.4700943299548,red,2066-02-15
13.219911576774285,blue,2066-02-16
7.615793708622885,red,2066-02-17
8.422409474270497,blue,2066-02-18
11.082125452079508,blue,2066-02-19
7.16980700105269,red,2066-02-20
7.998389331492624,green,2066-02-21
12.46195513963544,blue,2066-02-22
7.37396901187971,blue,2066-02-23
14.085510790194789,green,2066-02-24
11.59727875265457,blue,2066-02-25
12.307306642579029,red,2066-02-26
10.3847433734039,blue,2066-02-27
13.238621257585237,,2066-02-28
10.969958274807302,green,2066-03-01
,green,2066-03-02
8.170690351074674,,2066-03-03
10.2319999989033,blue,2066-03-04
8.53625822491036,blue,2066-03-05
10.519195456410566,blue,2066-03-06
11.362832447216162,blue,2066-03-07
11.445341544531903,blue,2066-03-08
10.425461036146084,red,2066-03-09
10.106470721652832,green,2066-03-10
11.271915223712739,red,2066-03-11
11.172517320051984,blue,2066-03-12
9.76451777596932,blue,2066-03-13
11.172851037779449,red,2066-03-14
14.564804940240652,blue,2066-03-15
10.179857680475083,green,2066-03-16
11.166162619250445,red,2066-03-17
,red,2066-03-18
11.178291905077879,red,2066-03-19
6.8640286120344145,red,2066-03-20
,blue,2066-03-21
5.747345883780801,red,2066-03-22
13.675708340744881,blue,2066-03-23
10.829356288675989,red,2066-03-24
12.089638763081892,green,2066-03-25
11.527539023084737,red,2066-03-26
9.979448243498453,green,2066-03-27
10.308937850679918,blue,2066-03-28
8.430397406679708,,2066-03-29
13.01774494907528,,2066-03-30
7.416455155447091,green,2066-03-31
13.13470748779911,green,2066-04-01
11.10900718274749,blue,2066-04-02
10.889779621213961,blue,2066-04-03
11.556499078856858,,2066-04-04
11.073970176922357,green,2066-04-05
9.867524818433187,green,2066-04-06
10.030212989128252,red,2066-04-07
9.894229782418096,blue,2066-04-08
8.733289968199987,blue,2066-04-09
8.110020762912459,green,2066-04-10
11.446778420625353,green,2066-04-11
8.332964722606379,red,2066-04-12
10.199821297143764,red,2066-04-13
9.95500355604261,blue,2066-04-14
5.037483065626465,red,2066-04-15
9.817649596656343,blue,2066-04-16
9.6702262155574,green,2066-04-17
12.80172618753983,blue,2066-04-18
12.717935126027886,blue,2066-04-19
8.631504571728188,red,2066-04-20
12.439436582994075,,2066-04-21
9.737464077289513,red,2066-04-22
8.842819087376936,blue,2066-04-23
8.500708430655976,green,2066-04-24
13.059145484762016,,2066-04-25
7.974562148188241,red,2066-04-26
13.76423677402206,,2066-04-27
10.502527027616125,blue,2066-04-28
,blue,2066-04-29
11.236248054478628,blue,2066-04-30
7.326663759441805,green,2066-05-01
,blue,2066-05-02
9.703950800880431,red,2066-05-03
10.810442382441234,green,2066-05-04
8.200581293752931,blue,2066-05-05
8.13321745968463,red,2066-05-06
10.837973210437074,red,2066-05-07
10.546416592159114,red,2066-05-08
9.370899816546851,blue,2066-05-09
,red,2066-05-10
13.352300382935356,blue,2066-05-11
,green,2066-05-12
8.119576472511925,red,2066-05-13
10.870208483332549,,2066-05-14
7.592334790697693,red,2066-05-15
10.587579577171821,green,2066-05-16
11.87245513232369,green,2066-05-17
5.347566045909901,red,2066-05-18
9.66025068856327,blue,2066-05-19
12.781103300633072,red,2066-05-20
9.515010444777749,blue,2066-05-21
8.409993752276685,blue,2066-05-22
8.38470207774013,green,2066-05-23
8.173456653348017,blue,2066-05-24
14.71530776901878,blue,2066-05-25
11.772505005156026,blue,2066-05-26
9.964165331306052,green,2066-05-27
10.285099654489214,blue,2066-05-28
,green,2066-05-29
11.159937822835563,,2066-05-30
12.534188972397494,blue,2066-05-31
12.62524400410281,blue,2066-06-01
8.136911320464408,red,2066-06-02
7.808242713651614,red,2066-06-03
12.304266852298234,green,2066-06-04
5.820087175791521,,2066-06-05
9.731886715026969,red,2066-06-06
9.461629365649875,,2066-06-07
10.260936330685347,red,2066-06-08
10.64700501901545,green,2066-06-09
5.984251287489835,red,2066-06-10
5.742671803214437,red,2066-06-11
,red,2066-06-12
7.641242867643866,green,2066-06-13
10.646254326981389,blue,2066-06-14
9.309618244985652,red,2066-06-15
11.365982365875839,red,2066-06-16
6.532437290434439,green,2066-06-17
11.19584489609892,red,2066-06-18
8.49717483675352,green,2066-06-19
,green,2066-06-20
10.415073631221658,green,2066-06-21
7.295909029042009,green,2066-06-22
10.991171733270411,red,2066-06-23
10.096703943517248,red,2066-06-24
13.781638833856222,green,2066-06-25
9.276465721108435,green,2066-06-26
11.133528374509144,green,2066-06-27
10.644772522778048,green,2066-06-28
10.815742003190167,green,2066-06-29
,blue,2066-06-30
11.99261496486746,green,2066-07-01
14.153131634013775,red,2066-07-02
9.069285984542729,green,2066-07-03
11.011992286434735,blue,2066-07-04
10.122494727048686,,2066-07-05
9.345249082620132,red,2066-07-06
10.158007957235732,blue,2066-07-07
11.64572727791552,red,2066-07-08
8.128010795414047,red,2066-07-09
9.593937092243005,green,2066-07-10
7.445099325963404,green,2066-07-11
9.992894063869842,green,2066-07-12
11.02406029496307,green,2066-07-13
6.7105140705286175,red,2066-07-14
12.98140040368881,green,2066-07-15
12.302011875705368,green,2066-07-16
12.018428288268115,green,2066-07-17
,blue,2066-07-18
8.690567047132095,red,2066-07-19
8.0651589049711,green,2066-07-20
10.832972294478576,green,2066-07-21
8.635333387133944,green,2066-07-22
8.966883817811254,red,2066-07-23
12.530244226981807,blue,2066-07-24
8.81919345117919,blue,2066-07-25
9.406410382132528,blue,2066-07-26
,green,2066-07-27
11.00380080821754,blue,2066-07-28
6.348083303064698,blue,2066-07-29
14.24866234276454,green,2066-07-30
10.56345004718124,red,2066-07-31
11.604987892930883,red,2066-08-01
9.944167209761464,green,2066-08-02
10.890808111852841,red,2066-08-03
10.010335879062014,blue,2066-08-04
8.904977462271155,red,2066-08-05
7.85696324478623,blue,2066-08-06
10.451035569534781,blue,2066-08-07
10.844175054964005,,2066-08-08
12.11242967291334,green,2066-08-09
9.578196125771973,blue,2066-08-10
7.4740092769064805,blue,2066-08-11
7.859892686437437,blue,2066-08-12
10.357240242354901,green,2066-08-13
6.765959448330706,blue,2066-08-14
9.38735267640513,blue,2066-08-15
14.445618989620412,blue,2066-08-16
9.493235360169543,red,2066-08-17
8.811421285535618,red,2066-08-18
,red,2066-08-19
11.428172478172462,red,2066-08-20
11.321744352080085,red,2066-08-21
9.269236857325794,green,2066-08-22
10.49249779981388,blue,2066-08-23
10.11633597932961,blue,2066-08-24
11.380651500525472,red,2066-08-25
11.11218860525292,,2066-08-26
11.02733110178189,blue,2066-08-27
11.136711606601802,blue,2066-08-28
6.432976600386029,,2066-08-29
9.173230740214638,red,2066-08-30
11.714814379919957,red,2066-08-31
,red,2066-09-01
11.816995636518321,blue,2066-09-02
12.973465328675292,blue,2066-09-03
9.162097286107464,green,2066-09-04
,blue,2066-09-05
9.462130208593388,green,2066-09-06
12.56099281244779,red,2066-09-07
,red,2066-09-08
,green,2066-09-09
10.17809613104468,green,2066-09-10
8.38469201276739,green,2066-09-11
9.551854267312649,blue,2066-09-12
10.624989913659611,green,2066-09-13
12.57703850270276,red,2066-09-14
,red,2066-09-15
12.744675557618429,green,2066-09-16
11.877472631005524,,2066-09-17
11.096606379906499,blue,2066-09-18
8.909571929809811,green,2066-09-19
6.581921543604844,green,2066-09-20
9.647536618302652,green,2066-09-21
11.722718846723595,blue,2066-09-22
7.6730927324055855,,2066-09-23
8.616852607236627,blue,2066-09-24
,red,2066-09-25
9.582897420677998,red,2066-09-26
10.763814620040087,green,2066-09-27
8.476316644297468,blue,2066-09-28
,green,2066-09-29
11.310447255258355,green,2066-09-30
,red,2066-10-01
9.310215943827941,blue,2066-10-02
11.148718189823954,red,2066-10-03
13.208449957442241,green,2066-10-04
10.945439447374937,blue,2066-10-05
12.30539044516625,blue,2066-10-06
10.68145376611862,green,2066-10-07
,red,2066-10-08
10.153752120315279,,2066-10-09
,green,2066-10-10
7.571691134920168,green,2066-10-11
9.931680807746478,green,2066-10-12
7.501397991028977,green,2066-10-13
8.389444125151972,green,2066-10-14
10.478916168922721,blue,2066-10-15
10.644992221063848,green,2066-10-16
9.249956427568248,green,2066-10-17
9.427389033501195,blue,2066-10-18
9.71148813422672,green,2066-10-19
,red,2066-10-20
7.636490916515038,green,2066-10-21
10.940618130888774,red,2066-10-22
8.87178241864362,red,2066-10-23
10.790850955561709,,2066-10-24
10.391038230418795,green,2066-10-25
7.6983585790081595,blue,2066-10-26
9.273960308781563,red,2066-10-27
9.608947276774167,blue,2066-10-28
11.616069311660599,green,2066-10-29
7.836906093025811,blue,2066-10-30
6.88876050762471,blue,2066-10-31
7.642500282630527,red,2066-11-01
7.000641633019328,green,2066-11-02
7.968179604752484,red,2066-11-03
10.356634102386078,,2066-11-04
11.568350817806571,green,2066-11-05
,red,2066-11-06
,blue,2066-11-07
6.735716496440734,red,2066-11-08
7.1836049672488755,blue,2066-11-09
9.836198198630019,red,2066-11-10
10.776272572844002,red,2066-11-11
11.18591213381043,red,2066-11-12
7.286804491774317,green,2066-11-13
13.738748019268435,green,2066-11-14
7.483902512385324,blue,2066-11-15
6.200958904309644,green,2066-11-16
10.07132197174432,,2066-11-17
14.156473393714574,red,2066-11-18
12.517590338638701,blue,2066-11-19
11.073719259737539,green,2066-11-20
1.8113424951451726,blue,2066-11-21
12.069953709453564,green,2066-11-22
9.956731895751593,red,2066-11-23
11.060464300193738,green,2066-11-24
,red,2066-11-25
7.914075405817879,red,2066-11-26
10.96855651025162,blue,2066-11-27
8.812738310164859,red,2066-11-28
8.500480200866154,green,2066-11-29
9.317193730236925,blue,2066-11-30
6.5603123744010805,blue,2066-12-01
11.375238342156356,,2066-12-02
,green,2066-12-03
10.071436736536393,green,2066-12-04
10.585955897335669,red,2066-12-05
6.3041804606816045,blue,2066-12-06
8.962570397230236,green,2066-12-07
5.691896017229314,green,2066-12-08
10.308844783274505,red,2066-12-09
,green,2066-12-10
9.116123719940497,red,2066-12-11
8.480869349866621,,2066-12-12
6.679123096736916,blue,2066-12-13
8.46438544893073,red,2066-12-14
14.056314784293676,,2066-12-15
11.191102842144948,red,2066-12-16
8.429046231785458,red,2066-12-17
10.393308224003695,red,2066-12-18
8.653426058375366,blue,2066-12-19
6.780729835213078,green,2066-12-20
9.833586385049427,green,2066-12-21
11.790288729072648,green,2066-12-22
9.55073046962066,green,2066-12-23
12.077729271098436,blue,2066-12-24
9.612206070932988,,2066-12-25
,blue,2066-12-26
12.023407134493358,,2066-12-27
,blue,2066-12-28
,red,2066-12-29
9.03359444325714,green,2066-12-30
10.850072602889817,red,2066-12-31
13.101605520826196,green,2067-01-01
13.450508155874257,blue,2067-01-02
10.117817083512712,blue,2067-01-03
8.745644596468622,red,2067-01-04
8.643298804081011,,2067-01-05
9.680863216720319,green,2067-01-06
11.526609724307367,blue,2067-01-07
10.10529739128775,,2067-01-08
10.126304163066832,red,2067-01-09
11.208367843784469,blue,2067-01-10
10.887435912698862,red,2067-01-11
8.00229656546217,green,2067-01-12
9.251870826706936,green,2067-01-13
9.820092713841177,green,2067-01-14
12.40819516340565,green,2067-01-15
,green,2067-01-16
9.767205849126952,red,2067-01-17
9.0981118766111,green,2067-01-18
8.631352089859764,blue,2067-01-19
13.25209119865874,red,2067-01-20
8.579102590437074,blue,2067-01-21
9.36195178631307,green,2067-01-22
9.367609040282977,green,2067-01-23
11.776512716722188,green,2067-01-24
,red,2067-01-25
11.48288948763281,red,2067-01-26
7.654251490814101,blue,2067-01-27
10.445350332511879,green,2067-01-28
8.835084422641973,blue,2067-01-29
10.196934937052678,green,2067-01-30
11.616577980373155,green,2067-01-31
9.282998506771563,red,2067-02-01
10.84530980797227,blue,2067-02-02
11.959932585687856,green,2067-02-03
12.118123993792862,blue,2067-02-04
12.69549015505806,red,2067-02-05
9.330712125894266,red,2067-02-06
7.440140254968748,blue,2067-02-07
6.283117465878615,blue,2067-02-08
9.973489636937314,green,2067-02-09
13.83120825666645,red,2067-02-10
6.457126260714578,red,2067-02-11
8.917168755357755,blue,2067-02-12
6.729216236307393,green,2067-02-13
10.487370677596875,red,2067-02-14
11.703381009247128,blue,2067-02-15
10.47097192188265,blue,2067-02-16
11.02755175624734,blue,2067-02-17
8.569719184524104,blue,2067-02-18
10.10871870018631,red,2067-02-19
,blue,2067-02-20
10.91104656077951,green,2067-02-21
8.869562449558906,,2067-02-22
4.938961660394119,blue,2067-02-23
9.662640182932178,red,2067-02-24
11.471893173044828,blue,2067-02-25
9.175013908345726,green,2067-02-26
10.70003951292781,red,2067-02-27
,blue,2067-02-28
9.967498997711733,blue,2067-03-01
10.305361499376357,green,2067-03-02
,green,2067-03-03
10.472861972760194,green,2067-03-04
9.455083597718927,green,2067-03-05
10.623465979442015,red,2067-03-06
9.95131369753248,red,2067-03-07
,green,2067-03-08
9.284017313435994,blue,2067-03-09
5.480717213076824,red,2067-03-10
7.821873415672094,green,2067-03-11
9.468657916041872,red,2067-03-12
12.454076914127285,blue,2067-03-13
11.992442248406611,red,2067-03-14
11.115141203236465,blue,2067-03-15
,blue,2067-03-16
10.378175134963088,red,2067-03-17
11.915233506806791,green,2067-03-18
6.9894141198321895,green,2067-03-19
7.555374547250556,red,2067-03-20
,blue,2067-03-21
10.619120482058722,,2067-03-22
9.968662865346511,red,2067-03-23
6.952254470756552,green,2067-03-24
5.124205127957051,,2067-03-25
10.901838536476186,red,2067-03-26
11.227052619310358,red,2067-03-27
8.202994437289691,green,2067-03-28
6.480080266715488,blue,2067-03-29
10.738423737532392,green,2067-03-30
12.00050766358372,red,2067-03-31
8.885492430635129,red,2067-04-01
9.331127837708673,red,2067-04-02
,red,2067-04-03
9.323930275158629,,2067-04-04
6.4968179618253075,blue,2067-04-05
10.41449929148013,blue,2067-04-06
8.806401710677886,red,2067-04-07
10.314102267875509,blue,2067-04-08
10.279945818784615,,2067-04-09
6.31731043107336,red,2067-04-10
9.090685909524641,green,2067-04-11
11.617720542797803,green,2067-04-12
12.513530367643302,green,2067-04-13
10.761510581885261,red,2067-04-14
10.569838572381375,red,2067-04-15
11.181715406156338,,2067-04-16
11.503074067840018,blue,2067-04-17
5.401770852673551,,2067-04-18
10.96325641440831,green,2067-04-19
13.468094785039867,red,2067-04-20
8.196830634938825,,2067-04-21
12.670892053154198,red,2067-04-22
10.001880904376854,red,2067-04-23
,blue,2067-04-24
7.507445812014797,red,2067-04-25
11.85175625075941,red,2067-04-26
6.726851502519997,red,2067-04-27
8.612560064258455,red,2067-04-28
11.525988647539887,red,2067-04-29
9.200300968213485,blue,2067-04-30
6.315873317553328,red,2067-05-01
10.98289233509292,blue,2067-05-02
12.24404231030708,red,2067-05-03
10.749278053367822,green,2067-05-04
,green,2067-05-05
10.845235434299028,blue,2067-05-06
8.971524995167014,green,2067-05-07
10.230307492422368,blue,2067-05-08
10.785009085988001,red,2067-05-09
12.18570562158736,blue,2067-05-10
10.954807879062649,green,2067-05-11
9.947874331240383,red,2067-05-12
10.88056557871494,green,2067-05-13
5.447480401854672,green,2067-05-14
8.844661018306818,red,2067-05-15
9.803094239404812,green,2067-05-16
,blue,2067-05-17
8.172209635476738,red,2067-05-18
14.739648406134856,green,2067-05-19
8.355405543627604,blue,2067-05-20
9.764349870573312,red,2067-05-21
10.701115096649747,red,2067-05-22
10.256207825093629,red,2067-05-23
,green,2067-05-24
11.264693321892937,green,2067-05-25
7.493942209903504,red,2067-05-26
7.986938468434732,,2067-05-27
11.657076686095538,green,2067-05-28
11.083747003464458,,2067-05-29
8.135814540725809,,2067-05-30
10.195393352032209,blue,2067-05-31
11.478986832530508,red,2067-06-01
9.735700655177054,red,2067-06-02
10.582389932622863,green,2067-06-03
6.804555662806764,,2067-06-04
11.678140103144626,,2067-06-05
,green,2067-06-06
10.372904590994617,blue,2067-06-07
7.98975390311824,blue,2067-06-08
8.590394844224946,red,2067-06-09
6.510825803397921,blue,2067-06-10
7.843207912005077,blue,2067-06-11
13.325271078914616,blue,2067-06-12
,red,2067-06-13
11.073462991466991,green,2067-06-14
4.514543992227334,,2067-06-15
11.370069729887247,green,2067-06-16
6.629170072208635,blue,2067-06-17
,red,2067-06-18
5.261199885078019,green,2067-06-19
13.255289977990655,blue,2067-06-20
10.389634854784067,red,2067-06-21
8.3932116125329,green,2067-06-22
,red,2067-06-23
,green,2067-06-24
5.815778363759891,red,2067-06-25
12.154307876120264,red,2067-06-26
8.878756857381164,red,2067-06-27
,green,2067-06-28
10.438562485502025,,2067-06-29
7.028898889136704,blue,2067-06-30
8.597648424868119,green,2067-07-01
7.63903256314228,red,2067-07-02
9.17922480422716,green,2067-07-03
12.088423414611217,blue,2067-07-04
,green,2067-07-05
11.242404723988,red,2067-07-06
7.98580048537397,blue,2067-07-07
8.564506183145914,blue,2067-07-08
8.113630142794596,red,2067-07-09
8.300664167162093,red,2067-07-10
7.984095338890823,blue,2067-07-11
,blue,2067-07-12
12.113224018645266,blue,2067-07-13
8.126364981020892,green,2067-07-14
9.085080215838621,green,2067-07-15
8.528758092618434,red,2067-07-16
11.558693467711269,red,2067-07-17
7.954811045110578,blue,2067-07-18
11.031196113410846,green,2067-07-19
6.400027884526648,,2067-07-20
8.43916807226815,green,2067-07-21
10.730517101811536,red,2067-07-22
,blue,2067-07-23
11.323294053780462,,2067-07-24
16.126250630430818,blue,2067-07-25
7.8416874105130026,red,2067-07-26
9.216373176156516,blue,2067-07-27
5.678039948956382,red,2067-07-28
15.05769464180932,red,2067-07-29
10.955999664752705,blue,2067-07-30
12.209377585943376,green,2067-07-31
5.666993001442526,,2067-08-01
8.078469840456188,green,2067-08-02
9.326109456128648,green,2067-08-03
7.060417351484576,red,2067-08-04
,,2067-08-05
10.689591577020293,red,2067-08-06
11.043866627310404,red,2067-08-07
6.518206977438025,blue,2067-08-08
10.386964299523795,blue,2067-08-09
11.962757764059406,green,2067-08-10
,blue,2067-08-11
8.77532900347583,red,2067-08-12
10.948921655610535,red,2067-08-13
10.3327421593368,blue,2067-08-14
6.631715152717738,blue,2067-08-15
11.125085337307306,blue,2067-08-16
8.512246157226391,,2067-08-17
8.205233496773573,,2067-08-18
5.142646751002526,green,2067-08-19
9.038542747946396,green,2067-08-20
13.027761830653581,green,2067-08-21
9.53918786409584,green,2067-08-22
11.999589646617611,,2067-08-23
10.126031680501901,red,2067-08-24
11.865333206434387,green,2067-08-25
12.184769764112078,red,2067-08-26
9.416809552790532,red,2067-08-27
,blue,2067-08-28
9.546552491604134,red,2067-08-29
7.6347449371824725,,2067-08-30
13.063153192528343,green,2067-08-31
9.707758555063783,green,2067-09-01
13.101280238773425,green,2067-09-02
11.527263524404319,blue,2067-09-03
9.077781470005254,green,2067-09-04
8.11658715403684,green,2067-09-05
6.735752160279255,green,2067-09-06
12.239155939577753,green,2067-09-07
9.858924823646397,blue,2067-09-08
11.186400908158118,,2067-09-09
8.121747197067767,green,2067-09-10
10.12624779493394,red,2067-09-11
7.0735299128105815,red,2067-09-12
9.154383694968342,blue,2067-09-13
13.455865771566897,red,2067-09-14
13.150946026810175,blue,2067-09-15
10.241623358532157,,2067-09-16
11.627243315432679,red,2067-09-17
11.500013913732305,blue,2067-09-18
7.341696905468774,red,2067-09-19
,red,2067-09-20
10.137759152558237,red,2067-09-21
8.968952530432956,,2067-09-22
10.729724833268769,blue,2067-09-23
,blue,2067-09-24
,green,2067-09-25
,green,2067-09-26
9.837377451320917,blue,2067-09-27
14.3572218607502,green,2067-09-28
14.458063402701303,red,2067-09-29
11.829448324746496,red,2067-09-30
6.540568067545372,red,2067-10-01
9.895743825278027,,2067-10-02
12.595015857069821,red,2067-10-03
10.176881840273367,red,2067-10-04
5.411622036997107,red,2067-10-05
11.91204037468804,blue,2067-10-06
10.230117666183258,green,2067-10-07
9.999682203076349,red,2067-10-08
,red,2067-10-09
8.96929442205681,red,2067-10-10
12.812962011089123,blue,2067-10-11
9.567621452625653,,2067-10-12
5.299171985935587,blue,2067-10-13
,green,2067-10-14
13.960190927606705,blue,2067-10-15
12.133017693682993,blue,2067-10-16
,red,2067-10-17
13.481178503493947,red,2067-10-18
11.055468683143731,blue,2067-10-19
8.455342839693184,green,2067-10-20
8.724397806396505,red,2067-10-21
9.988595294912264,blue,2067-10-22
12.174264214042125,red,2067-10-23
6.608153373498374,blue,2067-10-24
10.371003398880179,green,2067-10-25
8.737962838185785,blue,2067-10-26
13.62912487973312,blue,2067-10-27
12.389675092147712,green,2067-10-28
15.247212303161344,blue,2067-10-29
4.978208865720104,red,2067-10-30
10.059361021380488,green,2067-10-31
12.543064729480898,blue,2067-11-01
,green,2067-11-02
8.084046561991574,green,2067-11-03
8.945240613730778,green,2067-11-04
11.124009492495444,red,2067-11-05
11.298381797829379,blue,2067-11-06
9.989929008462045,blue,2067-11-07
8.682413588616578,red,2067-11-08
13.002176542706211,,2067-11-09
11.300220485389323,green,2067-11-10
4.950660743477141,blue,2067-11-11
9.4146595242375,green,2067-11-12
7.091419823880822,blue,2067-11-13
11.091160532986969,red,2067-11-14
8.316812082883585,blue,2067-11-15
5.90699187287645,blue,2067-11-16
4.463848401689847,green,2067-11-17
10.4510635619773,,2067-11-18
,green,2067-11-19
7.768102969172217,red,2067-11-20
8.213354333093974,green,2067-11-21
9.739255614018957,blue,2067-11-22
8.988184196376082,red,2067-11-23
8.076435787079882,red,2067-11-24
11.657339076188471,blue,2067-11-25
7.902942992080609,blue,2067-11-26
10.936618190892471,red,2067-11-27
9.418954599959676,green,2067-11-28
10.049072364387863,green,2067-11-29
8.771556824063307,blue,2067-11-30
10.883059549238666,green,2067-12-01
,blue,2067-12-02
,green,2067-12-03
,green,2067-12-04
,green,2067-12-05
8.777147198294678,green,2067-12-06
10.997180999330922,blue,2067-12-07
,red,2067-12-08
,blue,2067-12-09
12.44880137183793,green,2067-12-10
8.95636949886409,green,2067-12-11
10.674250585493457,green,2067-12-12
8.819817647079732,blue,2067-12-13
12.171272667560393,green,2067-12-14
,blue,2067-12-15
8.848835735110708,green,2067-12-16
9.18614624184676,green,2067-12-17
7.083434143951079,blue,2067-12-18
12.213408032872199,red,2067-12-19
10.14081637332654,red,2067-12-20
11.322620914784247,blue,2067-12-21
9.268745373719401,,2067-12-22
10.062131870970775,green,2067-12-23
10.380779645813544,blue,2067-12-24
,blue,2067-12-25
9.29968873248386,,2067-12-26
11.578425793516955,blue,2067-12-27
10.72512234274338,blue,2067-12-28
9.72844400576737,green,2067-12-29
9.73168125608524,blue,2067-12-30
9.38234676440991,blue,2067-12-31
8.495310653832526,blue,2068-01-01
10.961392373424577,green,2068-01-02
10.70899787489757,red,2068-01-03
12.716734193591456,red,2068-01-04
4.68478203843389,blue,2068-01-05
10.322051836701139,,2068-01-06
7.669257623608379,blue,2068-01-07
7.508671371996167,red,2068-01-08
14.71291466861808,green,2068-01-09
,blue,2068-01-10
8.921078030999851,green,2068-01-11
8.806675017344531,blue,2068-01-12
10.662593112666345,red,2068-01-13
,green,2068-01-14
6.178917282873204,red,2068-01-15
12.11646364157273,green,2068-01-16
12.08453101840514,green,2068-01-17
10.160228703860637,red,2068-01-18
10.153443033944296,blue,2068-01-19
9.638870998291727,blue,2068-01-20
11.77361156142944,green,2068-01-21
12.288718207462,red,2068-01-22
8.031045972191139,red,2068-01-23
9.957042354514016,red,2068-01-24
9.628509966323342,green,2068-01-25
,green,2068-01-26
12.720814639755282,,2068-01-27
11.099701444892865,red,2068-01-28
10.862033076575692,blue,2068-01-29
10.88606161132438,blue,2068-01-30
12.246390932510874,red,2068-01-31
7.72333378976531,,2068-02-01
8.157163640106745,red,2068-02-02
6.161897398794018,green,2068-02-03
8.131129853709343,blue,2068-02-04
6.292995122462196,blue,2068-02-05
,red,2068-02-06
8.695098477787052,red,2068-02-07
13.324727017777416,green,2068-02-08
9.621350847744399,blue,2068-02-09
8.729098999010569,red,2068-02-10
11.992746316653195,red,2068-02-11
11.992141387743489,red,2068-02-12
10.823781011959227,red,2068-02-13
8.740656514740994,red,2068-02-14
,blue,2068-02-15
9.126018394322493,blue,2068-02-16
,blue,2068-02-17
8.073473010968549,green,2068-02-18
9.304263881147318,blue,2068-02-19
14.43881802993479,red,2068-02-20
4.517477402276957,red,2068-02-21
12.64335757036985,,2068-02-22
13.701073521803853,green,2068-02-23
8.120101787576214,green,2068-02-24
9.455207511549217,blue,2068-02-25
6.231913002318231,red,2068-02-26
7.859230023458405,red,2068-02-27
11.681297998247496,blue,2068-02-28
9.748046573172475,,2068-02-29
10.166079325332367,,2068-03-01
12.01582622024811,blue,2068-03-02
11.106093655293543,green,2068-03-03
6.668055493779404,green,2068-03-04
10.46838236501174,blue,2068-03-05
10.555214268370042,red,2068-03-06
9.13728454541029,red,2068-03-07
10.158111736230135,green,2068-03-08
11.801672501670845,blue,2068-03-09
,blue,2068-03-10
,red,2068-03-11
11.959536084226874,blue,2068-03-12
12.487210190349298,blue,2068-03-13
7.437267175422684,blue,2068-03-14
10.518720273675202,green,2068-03-15
,green,2068-03-16
10.737967566256696,green,2068-03-17
14.041870007727395,red,2068-03-18
8.599658994495389,red,2068-03-19
11.135395638448824,blue,2068-03-20
6.162882446005791,red,2068-03-21
9.231972666892998,red,2068-03-22
10.640003802687277,red,2068-03-23
9.774132339358571,blue,2068-03-24
8.952037027544097,blue,2068-03-25
8.727594753059114,red,2068-03-26
8.719950024717747,,2068-03-27
9.727305961756706,green,2068-03-28
7.945490602448112,red,2068-03-29
11.292564183205345,blue,2068-03-30
8.27151632915468,green,2068-03-31
,red,2068-04-01
,green,2068-04-02
9.274694005366424,red,2068-04-03
7.972830390514003,green,2068-04-04
9.102854809227491,green,2068-04-05
10.17842052285836,blue,2068-04-06
,blue,2068-04-07
9.483264336311194,,2068-04-08
,green,2068-04-09
8.586853557238548,green,2068-04-10
,red,2068-04-11
12.227203884372488,red,2068-04-12
12.583836679987114,green,2068-04-13
11.987997648338204,blue,2068-04-14
9.747211236806201,red,2068-04-15
13.642323225569749,green,2068-04-16
10.868921633627153,blue,2068-04-17
14.143307656145172,green,2068-04-18
12.776775687822527,red,2068-04-19
10.440662629677576,blue,2068-04-20
12.533286522932123,blue,2068-04-21
10.41353274285016,green,2068-04-22
7.404836282433907,green,2068-04-23
10.259939295879503,red,2068-04-24
12.525633325741376,blue,2068-04-25
10.34841044532383,red,2068-04-26
14.141198652596335,green,2068-04-27
11.014158078565139,blue,2068-04-28
,blue,2068-04-29
,,2068-04-30
7.165953324261711,green,2068-05-01
9.380298643266585,,2068-05-02
12.747417195342724,blue,2068-05-03
9.208828949145156,red,2068-05-04
9.629956383206387,,2068-05-05
10.31618790296264,red,2068-05-06
10.284675861228635,blue,2068-05-07
8.651405999605654,blue,2068-05-08
8.132043922654358,red,2068-05-09
11.568000780783047,red,2068-05-10
7.676014514944924,green,2068-05-11
13.42160816415252,red,2068-05-12
6.5628462805361645,,2068-05-13
11.923765090437138,,2068-05-14
5.767010971223993,blue,2068-05-15
8.95041550030748,red,2068-05-16
9.669768468671368,blue,2068-05-17
8.068373880446213,red,2068-05-18
14.06853567012043,red,2068-05-19
7.258646321384461,green,2068-05-20
9.46659540063713,red,2068-05-21
,blue,2068-05-22
8.648960837472515,green,2068-05-23
11.689075952026046,red,2068-05-24
,blue,2068-05-25
12.535743498799985,red,2068-05-26
11.005768771713226,green,2068-05-27
,red,2068-05-28
,green,2068-05-29
5.907739705904915,red,2068-05-30
8.580677230643659,green,2068-05-31
9.610202274509366,blue,2068-06-01
12.88800400146982,red,2068-06-02
8.267456531412524,green,2068-06-03
7.7874716772551364,green,2068-06-04
11.425056158630698,green,2068-06-05
9.54689587768547,red,2068-06-06
7.46265490366757,green,2068-06-07
6.4655150140286946,blue,2068-06-08
10.38474561975312,red,2068-06-09
,green,2068-06-10
14.585225613894371,green,2068-06-11
9.808440227927143,green,2068-06-12
7.699449549511346,green,2068-06-13
,green,2068-06-14
11.427818656246599,green,2068-06-15
9.215491090949339,green,2068-06-16
7.59159284370801,green,2068-06-17
12.160740102749735,red,2068-06-18
11.973856583847498,,2068-06-19
9.102883498764825,green,2068-06-20
11.863160447674787,red,2068-06-21
11.141589013672382,green,2068-06-22
12.755833639515277,blue,2068-06-23
10.209966154043498,blue,2068-06-24
12.144210335659384,green,2068-06-25
10.835537144817907,blue,2068-06-26
9.026090395667485,red,2068-06-27
8.067388048568983,red,2068-06-28
12.411333750542399,green,2068-06-29
10.293103088510728,blue,2068-06-30
11.233130384124541,red,2068-07-01
10.095275548850035,red,2068-07-02
10.688156907420906,green,2068-07-03
8.15309898055856,blue,2068-07-04
12.588808576981787,blue,2068-07-05
8.579421481608167,red,2068-07-06
9.818425324426956,green,2068-07-07
5.719699955853349,blue,2068-07-08
12.565585315692589,,2068-07-09
8.039595621624883,blue,2068-07-10
,green,2068-07-11
12.98486569614707,green,2068-07-12
12.434574211996246,blue,2068-07-13
12.1555964531559,green,2068-07-14
12.329014279205882,green,2068-07-15
14.161267151231865,red,2068-07-16
10.332553126995137,blue,2068-07-17
11.600583341571689,,2068-07-18
7.254832350259008,green,2068-07-19
,blue,2068-07-20
8.7340893596196,blue,2068-07-21
10.150527733994423,blue,2068-07-22
9.58725911013745,blue,2068-07-23
10.515370592318904,,2068-07-24
9.75962088110266,green,2068-07-25
,blue,2068-07-26
8.998067622190423,green,2068-07-27
6.855357264482622,green,2068-07-28
10.325473095305458,green,2068-07-29
8.535389217903377,green,2068-07-30
10.736818968875808,green,2068-07-31
11.941188417625872,blue,2068-08-01
10.398683396405568,blue,2068-08-02
,blue,2068-08-03
8.149074268486473,blue,2068-08-04
9.805931451390192,red,2068-08-05
9.605725694600615,blue,2068-08-06
8.878812971821574,red,2068-08-07
7.894087644896301,,2068-08-08
9.551752607784586,green,2068-08-09
10.240094580142092,green,2068-08-10
,green,2068-08-11
5.278379661762897,red,2068-08-12
7.015142350812312,green,2068-08-13
9.859902523505452,blue,2068-08-14
13.549481143066421,red,2068-08-15
7.341721740078008,blue,2068-08-16
11.319204479410189,blue,2068-08-17
11.046074089529329,blue,2068-08-18
9.467595198290804,blue,2068-08-19
10.830060990278266,green,2068-08-20
10.809370607965894,blue,2068-08-21
9.908693521144626,blue,2068-08-22
7.419757033101694,blue,2068-08-23
8.82273220510089,,2068-08-24
,red,2068-08-25
7.440691948641714,blue,2068-08-26
13.501748764006066,green,2068-08-27
11.284424719035684,green,2068-08-28
,blue,2068-08-29
11.976361955958124,red,2068-08-30
12.612969272052043,,2068-08-31
8.936159834298412,red,2068-09-01
9.900827025262078,blue,2068-09-02
9.052209367446714,green,2068-09-03
5.326561469986179,blue,2068-09-04
11.78714040084449,,2068-09-05
13.113018251315628,green,2068-09-06
14.345924564366824,blue,2068-09-07
5.263987363114034,red,2068-09-08
5.564003459213061,blue,2068-09-09
7.940253350043468,red,2068-09-10
11.64150307697827,red,2068-09-11
,red,2068-09-12
8.901792513727973,blue,2068-09-13
12.47396325364887,blue,2068-09-14
12.224076143677644,red,2068-09-15
,red,2068-09-16
11.557698968384365,blue,2068-09-17
13.024433035670878,,2068-09-18
11.900996874773446,red,2068-09-19
8.791300681314368,green,2068-09-20
10.297088634339888,,2068-09-21
9.170731437833044,red,2068-09-22
,red,2068-09-23
8.773218136602546,blue,2068-09-24
11.31321535776873,red,2068-09-25
11.31324961677907,green,2068-09-26
8.047925185571994,red,2068-09-27
6.05443526205732,red,2068-09-28
8.864947331453932,red,2068-09-29
11.168847707603906,green,2068-09-30
8.16901207827911,green,2068-10-01
,green,2068-10-02
8.750479195503402,red,2068-10-03
8.063514171688189,blue,2068-10-04
8.29561745243338,red,2068-10-05
8.68661012922327,blue,2068-10-06
12.783255162676424,blue,2068-10-07
10.372560495760732,green,2068-10-08
9.12098217511878,blue,2068-10-09
10.215145674620633,,2068-10-10
8.961584814051335,,2068-10-11
9.626941221570167,blue,2068-10-12
10.685550636764095,blue,2068-10-13
8.647661378144795,blue,2068-10-14
9.862905447641621,red,2068-10-15
9.942431198291304,red,2068-10-16
8.755792362694583,red,2068-10-17
7.882112492130325,green,2068-10-18
10.441467121339436,red,2068-10-19
,green,2068-10-20
11.349332991425909,,2068-10-21
11.629069569638101,red,2068-10-22
,green,2068-10-23
8.26542243974027,,2068-10-24
12.347074839353212,blue,2068-10-25
8.843379814902388,green,2068-10-26
8.84260532687028,,2068-10-27
9.853375952045337,red,2068-10-28
14.323602527911563,red,2068-10-29
8.442268388532154,green,2068-10-30
9.948495215571768,,2068-10-31
11.714514139817787,green,2068-11-01
9.531842345000472,,2068-11-02
8.48440792983636,red,2068-11-03
9.843510725062654,green,2068-11-04
15.07126202809065,green,2068-11-05
9.54663666478016,blue,2068-11-06
10.135942816707631,blue,2068-11-07
7.990934840073206,green,2068-11-08
11.204007468346393,blue,2068-11-09
11.04653841766408,red,2068-11-10
11.286790821356353,green,2068-11-11
10.982857293716856,green,2068-11-12
,red,2068-11-13
14.07991155958862,red,2068-11-14
,red,2068-11-15
8.688304512632286,green,2068-11-16
,blue,2068-11-17
12.15468156853898,green,2068-11-18
12.237743208430299,blue,2068-11-19
6.473784211869218,red,2068-11-20
9.16379502674905,green,2068-11-21
8.730429883690542,,2068-11-22
8.360446936595968,red,2068-11-23
5.69239234728177,green,2068-11-24
10.317402805708534,blue,2068-11-25
8.337615626368297,red,2068-11-26
11.375410103018469,green,2068-11-27
8.383456877032957,blue,2068-11-28
9.832907206619296,red,2068-11-29
12.0791329176482,green,2068-11-30
12.699505684205512,red,2068-12-01
10.017057479499464,green,2068-12-02
6.449426520016775,green,2068-12-03
9.396796587507332,blue,2068-12-04
13.927109955198038,green,2068-12-05
10.96288009380852,green,2068-12-06
7.838066575529433,blue,2068-12-07
9.78629845602329,blue,2068-12-08
9.422560275619519,red,2068-12-09
8.401073173218348,blue,2068-12-10
11.648576585357162,,2068-12-11
8.318758737837591,green,2068-12-12
8.716172819730252,blue,2068-12-13
12.935963630318653,red,2068-12-14
8.829422630961474,green,2068-12-15
10.35938649640291,green,2068-12-16
9.965920364761905,green,2068-12-17
15.176898962291581,red,2068-12-18
10.228037331165245,red,2068-12-19
,blue,2068-12-20
,green,2068-12-21
9.728800967763728,green,2068-12-22
11.477021850311916,green,2068-12-23
11.38794510668973,blue,2068-12-24
,blue,2068-12-25
10.335045727905033,red,2068-12-26
13.26325178377011,red,2068-12-27
,,2068-12-28
9.369348908438136,red,2068-12-29
6.8020598887378885,red,2068-12-30
7.992924913424928,green,2068-12-31
9.045920422975035,green,2069-01-01
11.564164465055349,blue,2069-01-02
11.51321666534671,blue,2069-01-03
9.8485122011121,,2069-01-04
11.384357721047747,green,2069-01-05
9.304017712699345,blue,2069-01-06
5.998058514133637,blue,2069-01-07
,red,2069-01-08
9.9487017831715,green,2069-01-09
9.58444007781462,,2069-01-10
13.618379870430738,blue,2069-01-11
11.98451009291877,blue,2069-01-12
8.634321158887191,blue,2069-01-13
12.338054251873045,red,2069-01-14
12.076700864899298,green,2069-01-15
8.276180102230942,blue,2069-01-16
6.491722631859604,red,2069-01-17
10.096320995451098,,2069-01-18
10.70396335275651,green,2069-01-19
,green,2069-01-20
8.396793438498895,blue,2069-01-21
8.096025614329946,blue,2069-01-22
,green,2069-01-23
9.914790831054427,blue,2069-01-24
10.180043133908677,red,2069-01-25
11.046973059570472,green,2069-01-26
7.627998949678161,green,2069-01-27
8.750315281348437,red,2069-01-28
9.12864491858994,blue,2069-01-29
10.815551508526866,red,2069-01-30
11.914432631318657,blue,2069-01-31
10.720262248322108,blue,2069-02-01
8.856009910700251,blue,2069-02-02
13.480977974885295,green,2069-02-03
6.348325895119107,blue,2069-02-04
10.12884175718986,red,2069-02-05
9.576055393852736,green,2069-02-06
9.93054571402743,,2069-02-07
11.588098189766349,red,2069-02-08
8.451071057959172,red,2069-02-09
9.443679536139499,green,2069-02-10
12.990831826018699,blue,2069-02-11
11.700909408341401,blue,2069-02-12
10.877885139110745,blue,2069-02-13
9.459642281609257,,2069-02-14
9.95944421537321,green,2069-02-15
9.261416660633623,blue,2069-02-16
,green,2069-02-17
8.928593801004446,green,2069-02-18
9.010728081889114,,2069-02-19
9.570028087756171,blue,2069-02-20
9.87803659826087,green,2069-02-21
10.62283659539578,blue,2069-02-22
9.59418832772419,red,2069-02-23
11.24056587549481,red,2069-02-24
10.149110134870625,green,2069-02-25
10.183290148487615,blue,2069-02-26
11.262229856562836,,2069-02-27
,green,2069-02-28
11.315077076723508,red,2069-03-01
11.362159766221698,,2069-03-02
11.145299420490867,red,2069-03-03
12.132156408794735,,2069-03-04
11.193020634505933,green,2069-03-05
7.8568444169509215,red,2069-03-06
8.443231725343084,red,2069-03-07
8.47379402114136,green,2069-03-08
9.836278429389978,blue,2069-03-09
10.334510108388773,red,2069-03-10
13.907398351504359,red,2069-03-11
11.038815770710269,blue,2069-03-12
8.199085961166212,red,2069-03-13
14.39447496781532,,2069-03-14
11.080144483895543,green,2069-03-15
,blue,2069-03-16
10.613646141674101,blue,2069-03-17
7.425507614699127,blue,2069-03-18
10.328963328301343,red,2069-03-19
7.533589789166599,red,2069-03-20
9.157182432914158,,2069-03-21
7.787923832562213,red,2069-03-22
10.43688498223036,,2069-03-23
12.110027117387993,,2069-03-24
9.289086197634338,green,2069-03-25
10.207818483752016,blue,2069-03-26
9.851937172567306,,2069-03-27
9.046522200256017,red,2069-03-28
12.83364906037601,red,2069-03-29
11.825472867638034,red,2069-03-30
6.879205171905853,green,2069-03-31
8.106593239519508,blue,2069-04-01
9.003869493744835,red,2069-04-02
8.30864836739276,green,2069-04-03
9.298654654764007,,2069-04-04
15.41656448026151,blue,2069-04-05
10.048938060857937,green,2069-04-06
7.072334901462794,red,2069-04-07
9.394212437714055,green,2069-04-08
11.781957751279043,green,2069-04-09
13.027312671047788,blue,2069-04-10
6.04837534427112,green,2069-04-11
8.158601802669597,red,2069-04-12
8.207043308840287,green,2069-04-13
12.932730793256798,blue,2069-04-14
7.826972904666418,green,2069-04-15
,,2069-04-16
8.462251091498409,blue,2069-04-17
8.851808888047564,blue,2069-04-18
5.471213605052206,blue,2069-04-19
11.14255187421881,green,2069-04-20
9.6332719284057,green,2069-04-21
9.364833110737203,red,2069-04-22
10.03550407361746,green,2069-04-23
12.267103655936658,,2069-04-24
11.08231446732401,blue,2069-04-25
10.159559399762951,blue,2069-04-26
11.697517560204828,,2069-04-27
9.098738674602819,blue,2069-04-28
,green,2069-04-29
9.722577050989564,red,2069-04-30
9.95101957895168,red,2069-05-01
12.083062676343296,green,2069-05-02
11.022607047902305,red,2069-05-03
12.97804779517946,green,2069-05-04
8.466164515701294,red,2069-05-05
7.342835488526692,blue,2069-05-06
10.49916932839966,,2069-05-07
10.832875569635904,blue,2069-05-08
11.681603152711524,red,2069-05-09
10.655428092251366,blue,2069-05-10
12.808564967350584,red,2069-05-11
11.079952459929226,green,2069-05-12
11.722829863924975,red,2069-05-13
8.973496989055011,red,2069-05-14
12.87489646758944,blue,2069-05-15
13.906299941372819,red,2069-05-16
9.959064590396355,blue,2069-05-17
10.664325643909336,green,2069-05-18
11.104795726454176,blue,2069-05-19
12.475063993725325,green,2069-05-20
13.225184662822073,red,2069-05-21
,red,2069-05-22
12.02325555191528,blue,2069-05-23
13.070730323298738,red,2069-05-24
7.6023511944285,red,2069-05-25
9.22508151846542,red,2069-05-26
13.792736514456656,red,2069-05-27
10.332189143991434,,2069-05-28
12.975718480505586,blue,2069-05-29
14.799283971316044,green,2069-05-30
16.029235586335787,,2069-05-31
8.488873392981253,blue,2069-06-01
12.671766482079416,,2069-06-02
10.658886109120333,blue,2069-06-03
8.970730580276342,blue,2069-06-04
,green,2069-06-05
8.662237006204352,green,2069-06-06
8.92168675128413,green,2069-06-07
9.281457438266115,red,2069-06-08
11.113403171374744,blue,2069-06-09
10.561039205917076,blue,2069-06-10
9.711729277330559,blue,2069-06-11
6.146591854970277,red,2069-06-12
11.972059283254485,green,2069-06-13
11.766957365286006,green,2069-06-14
12.667918112401605,blue,2069-06-15
10.150516684050345,green,2069-06-16
7.344393161203219,red,2069-06-17
9.043296185868595,red,2069-06-18
9.560087453443911,red,2069-06-19
10.950783095926193,blue,2069-06-20
6.7955576954011505,green,2069-06-21
8.839177709743339,red,2069-06-22
10.251923786970682,green,2069-06-23
,red,2069-06-24
8.045985516157074,blue,2069-06-25
10.62603757824867,red,2069-06-26
9.769677488887353,red,2069-06-27
6.915178488871547,blue,2069-06-28
13.57860737122619,blue,2069-06-29
11.170115319837802,green,2069-06-30
8.534940913017554,blue,2069-07-01
7.86421006361066,blue,2069-07-02
9.564260093565021,green,2069-07-03
,red,2069-07-04
10.58290492429464,red,2069-07-05
11.51156878872908,green,2069-07-06
11.083710223017682,red,2069-07-07
10.671611134380267,blue,2069-07-08
8.201711667770416,green,2069-07-09
9.923323350227095,red,2069-07-10
10.075637307828247,blue,2069-07-11
9.915200906599992,blue,2069-07-12
11.148434288676054,,2069-07-13
9.134258084546829,red,2069-07-14
,red,2069-07-15
,green,2069-07-16
8.202266561180046,red,2069-07-17
13.635221913390415,red,2069-07-18
9.06753223955035,red,2069-07-19
10.949738458084438,blue,2069-07-20
,green,2069-07-21
10.570887164220096,blue,2069-07-22
13.694663539535284,red,2069-07-23
6.617799249023765,blue,2069-07-24
,blue,2069-07-25
10.319228077258476,green,2069-07-26
12.680318170717287,red,2069-07-27
9.877987942057672,green,2069-07-28
8.844734710682433,blue,2069-07-29
7.808332077068384,green,2069-07-30
11.098528939880435,blue,2069-07-31
12.992315697095199,blue,2069-08-01
,red,2069-08-02
11.211902060910194,,2069-08-03
10.59238262030255,,2069-08-04
,red,2069-08-05
10.498332659990082,red,2069-08-06
9.744785918439925,green,2069-08-07
9.418642138232737,red,2069-08-08
7.199744666315687,green,2069-08-09
9.558176656875304,green,2069-08-10
8.73029663210682,blue,2069-08-11
8.627469395487562,red,2069-08-12
11.041123166964132,blue,2069-08-13
11.892368526258208,green,2069-08-14
9.566636618349419,blue,2069-08-15
5.980401082042894,green,2069-08-16
9.365797793465893,blue,2069-08-17
11.092148435016515,green,2069-08-18
6.583335137252957,blue,2069-08-19
10.972442536389888,green,2069-08-20
10.910104618942022,,2069-08-21
8.503368765677802,green,2069-08-22
12.076552058095498,red,2069-08-23
12.49633552032208,blue,2069-08-24
13.76278404136347,blue,2069-08-25
8.452804888387497,red,2069-08-26
7.264727118549388,red,2069-08-27
,green,2069-08-28
8.363039919413552,blue,2069-08-29
8.870057722221024,green,2069-08-30
10.085916702002109,blue,2069-08-31
9.721805982941907,blue,2069-09-01
11.583312006448395,green,2069-09-02
13.049604333118467,,2069-09-03
7.87896718529962,blue,2069-09-04
13.489245980198298,green,2069-09-05
10.265888502415176,blue,2069-09-06
,green,2069-09-07
12.0030709433848,red,2069-09-08
,green,2069-09-09
11.316518234384295,blue,2069-09-10
9.098130437736705,blue,2069-09-11
10.063061781613165,blue,2069-09-12
7.513984380712614,red,2069-09-13
12.148371984719757,blue,2069-09-14
,blue,2069-09-15
10.453464383723906,red,2069-09-16
11.53716434663931,green,2069-09-17
12.938958647186563,blue,2069-09-18
7.28786957183002,blue,2069-09-19
10.234865192326643,green,2069-09-20
9.721239122483418,,2069-09-21
10.67795208002519,blue,2069-09-22
7.6611797457405855,red,2069-09-23
9.800477423263112,red,2069-09-24
7.9901089301444586,red,2069-09-25
9.968561115116561,green,2069-09-26
11.315372381081733,green,2069-09-27
10.99291347671348,,2069-09-28
7.127500293245463,green,2069-09-29
12.13728580154349,green,2069-09-30
13.335138814371813,blue,2069-10-01
10.294320576778626,,2069-10-02
12.371018362731633,,2069-10-03
,blue,2069-10-04
9.737308288136768,blue,2069-10-05
11.919491743204407,red,2069-10-06
8.34596334952622,blue,2069-10-07
13.225439171384364,,2069-10-08
9.174468745036412,red,2069-10-09
11.020486705458834,red,2069-10-10
8.720060024694178,blue,2069-10-11
10.719410481526186,red,2069-10-12
10.340522309361017,blue,2069-10-13
6.870803223286187,,2069-10-14
10.74868718788573,green,2069-10-15
8.464744067349947,red,2069-10-16
12.755259031072507,,2069-10-17
13.141392420634514,blue,2069-10-18
8.928390226918903,red,2069-10-19
,green,2069-10-20
11.871847908709954,green,2069-10-21
11.979689153368101,blue,2069-10-22
7.528820335866724,blue,2069-10-23
9.994436882174414,green,2069-10-24
10.84072105685408,red,2069-10-25
8.624867675246081,green,2069-10-26
8.562135827041589,green,2069-10-27
7.247712677150724,green,2069-10-28
8.027749484351132,red,2069-10-29
12.351635588311344,green,2069-10-30
,green,2069-10-31
12.3097030434595,green,2069-11-01
9.398644930609786,blue,2069-11-02
7.285306016681536,,2069-11-03
13.263036913904545,red,2069-11-04
12.05405440740547,red,2069-11-05
10.769874332824726,green,2069-11-06
12.194785113940714,blue,2069-11-07
11.129722312759878,blue,2069-11-08
9.563870410841131,blue,2069-11-09
8.784590432700478,green,2069-11-10
12.62399674256634,red,2069-11-11
7.449976924246156,,2069-11-12
,green,2069-11-13
,green,2069-11-14
9.86144849726173,,2069-11-15
11.578757063475168,green,2069-11-16
,red,2069-11-17
11.713247786797051,red,2069-11-18
9.266897504401006,,2069-11-19
7.925091123834044,green,2069-11-20
12.168915808714095,red,2069-11-21
9.078875208350826,,2069-11-22
9.417614161580412,blue,2069-11-23
9.31212237586931,red,2069-11-24
11.765087917751867,green,2069-11-25
11.793981112870993,green,2069-11-26
9.485206221325393,blue,2069-11-27
8.076987136264389,blue,2069-11-28
8.653182634297352,red,2069-11-29
8.48484308646459,green,2069-11-30
9.32005157208465,red,2069-12-01
8.027183720964217,green,2069-12-02
12.464480417495773,blue,2069-12-03
9.62752845775658,green,2069-12-04
9.22466953831567,blue,2069-12-05
11.854333215187616,red,2069-12-06
7.164544438661876,blue,2069-12-07
12.180256404482027,green,2069-12-08
12.04758041567581,green,2069-12-09
8.60725728302557,red,2069-12-10
9.202579683067572,blue,2069-12-11
9.646523274522151,,2069-12-12
8.249811306297786,blue,2069-12-13
9.64725861358028,green,2069-12-14
9.75227646903344,,2069-12-15
14.243568498865079,red,2069-12-16
10.755720297160355,red,2069-12-17
10.33750440033527,blue,2069-12-18
8.56666572478131,red,2069-12-19
9.87987743399562,red,2069-12-20
,blue,2069-12-21
10.984247955939637,red,2069-12-22
13.606864200632927,green,2069-12-23
8.270449336774757,,2069-12-24
10.947732974895693,red,2069-12-25
11.673046191389119,green,2069-12-26
8.34858651111553,red,2069-12-27
7.785231683830975,blue,2069-12-28
10.848805246205117,blue,2069-12-29
,,2069-12-30
,red,2069-12-31
9.188815623117053,,2070-01-01
8.12430940644418,green,2070-01-02
,blue,2070-01-03
11.27237890271783,green,2070-01-04
7.137041869079418,red,2070-01-05
11.747844842180967,red,2070-01-06
9.07205568678995,green,2070-01-07
,,2070-01-08
13.693713568981266,green,2070-01-09
15.422297879462647,,2070-01-10
13.091133978330209,,2070-01-11
11.13048278651764,blue,2070-01-12
10.438501201155761,red,2070-01-13
9.697975286742711,blue,2070-01-14
8.222764493702186,,2070-01-15
12.297678691404968,blue,2070-01-16
11.370065366920887,green,2070-01-17
10.763351110662823,,2070-01-18
7.856602019578263,red,2070-01-19
14.151559419565919,,2070-01-20
10.683461508412393,red,2070-01-21
8.625192374048579,green,2070-01-22
8.230630431385375,,2070-01-23
11.296488016415486,green,2070-01-24
11.438367253530911,red,2070-01-25
12.923101724657597,,2070-01-26
10.370161453711221,green,2070-01-27
6.659174671489494,red,2070-01-28
5.820584536336471,green,2070-01-29
,blue,2070-01-30
6.394903794540321,blue,2070-01-31
10.38569102578944,blue,2070-02-01
,red,2070-02-02
9.211606259679863,green,2070-02-03
11.248250431573844,red,2070-02-04
10.332263298434258,green,2070-02-05
14.080874842674664,green,2070-02-06
11.682956037606314,red,2070-02-07
11.028693289174168,green,2070-02-08
7.107730898454378,blue,2070-02-09
8.604857911650463,blue,2070-02-10
12.06670341220308,green,2070-02-11
,red,2070-02-12
7.876990773731462,red,2070-02-13
8.408584422326362,red,2070-02-14
10.089432219194558,red,2070-02-15
10.144326400725989,blue,2070-02-16
9.335843708592826,green,2070-02-17
10.09623003666415,red,2070-02-18
8.522014707215225,blue,2070-02-19
11.743982650580955,blue,2070-02-20
11.762933583798723,red,2070-02-21
10.450879526393535,blue,2070-02-22
11.201359019919055,blue,2070-02-23
9.170932263036491,green,2070-02-24
9.632334625199814,blue,2070-02-25
9.219717065212514,blue,2070-02-26
9.729432747796357,red,2070-02-27
8.50715455904837,red,2070-02-28
10.572481480756657,blue,2070-03-01
10.265451537499057,green,2070-03-02
8.359116018779089,blue,2070-03-03
10.088246397788307,blue,2070-03-04
9.747766805762227,red,2070-03-05
11.848801568572274,green,2070-03-06
10.95314064725511,green,2070-03-07
11.526430310778473,green,2070-03-08
11.526172653050017,red,2070-03-09
10.41986961668114,blue,2070-03-10
12.561114576297257,red,2070-03-11
,blue,2070-03-12
8.34940650217841,red,2070-03-13
13.057439076102497,,2070-03-14
11.967895507271763,red,2070-03-15
8.90779108556646,red,2070-03-16
6.579108291411231,red,2070-03-17
11.665274198539002,blue,2070-03-18
,green,2070-03-19
,red,2070-03-20
,,2070-03-21
,red,2070-03-22
8.992394787542128,red,2070-03-23
14.18805798113117,red,2070-03-24
7.619537600085472,,2070-03-25
8.739758429928441,red,2070-03-26
11.203199824523695,blue,2070-03-27
9.2094383983086,,2070-03-28
10.558702080879742,red,2070-03-29
8.756320378632372,green,2070-03-30
10.259952729700627,green,2070-03-31
12.810989870259007,green,2070-04-01
11.730349941788587,green,2070-04-02
9.299446884382428,red,2070-04-03
14.583118546282932,red,2070-04-04
9.211644836290857,green,2070-04-05
10.26970476301315,green,2070-04-06
9.227151991167467,,2070-04-07
8.058415479639505,blue,2070-04-08
9.7119092281087,green,2070-04-09
12.30814595928993,red,2070-04-10
10.695632458577487,red,2070-04-11
8.454582959168121,,2070-04-12
11.286681404414354,red,2070-04-13
12.019868823664712,red,2070-04-14
11.215166837567436,blue,2070-04-15
9.098816859077592,red,2070-04-16
9.522654265716282,blue,2070-04-17
,,2070-04-18
8.191182770519841,green,2070-04-19
10.260932914735593,green,2070-04-20
9.665422165980576,blue,2070-04-21
7.656706381765408,blue,2070-04-22
6.954591698553649,red,2070-04-23
11.328923862871447,blue,2070-04-24
13.477045779931014,green,2070-04-25
9.44324831564149,blue,2070-04-26
14.616878916772894,green,2070-04-27
,green,2070-04-28
10.248163080822442,green,2070-04-29
13.271277940572947,green,2070-04-30
10.157939854325098,green,2070-05-01
8.031226928234931,red,2070-05-02
5.950829248914053,blue,2070-05-03
13.11674479564465,red,2070-05-04
8.65860194112279,blue,2070-05-05
11.117832121775962,red,2070-05-06
7.553403511343994,blue,2070-05-07
9.175754717594604,green,2070-05-08
10.600808210499725,green,2070-05-09
10.255795800864444,green,2070-05-10
12.224738536740976,blue,2070-05-11
10.24936121301938,blue,2070-05-12
8.339513703294404,red,2070-05-13
9.09585983646399,blue,2070-05-14
9.636654111469749,red,2070-05-15
13.177345522721849,blue,2070-05-16
,blue,2070-05-17
9.516955741010907,blue,2070-05-18
12.207478383192267,red,2070-05-19
12.186480111817684,red,2070-05-20
10.823033960179009,green,2070-05-21
9.432465691231117,red,2070-05-22
9.014973507922306,red,2070-05-23
14.53127415817286,green,2070-05-24
10.439717063139378,,2070-05-25
11.662306103863935,green,2070-05-26
11.487293839313315,red,2070-05-27
13.015141645846368,green,2070-05-28
10.451940901522834,green,2070-05-29
11.395414362220407,green,2070-05-30
,green,2070-05-31
10.883645269708873,blue,2070-06-01
10.42602284621548,green,2070-06-02
8.45774652029324,red,2070-06-03
8.66986955555861,green,2070-06-04
14.72536506171911,blue,2070-06-05
11.02360605016783,blue,2070-06-06
,blue,2070-06-07
8.237143099439317,red,2070-06-08
7.48042779103616,,2070-06-09
12.952245141437425,red,2070-06-10
11.18026482835068,green,2070-06-11
10.626369980970175,red,2070-06-12
7.543626722302152,red,2070-06-13
9.419434603284463,red,2070-06-14
,green,2070-06-15
10.803878728197647,red,2070-06-16
8.6365371700967,blue,2070-06-17
10.451798806801188,red,2070-06-18
9.039772012210705,blue,2070-06-19
,,2070-06-20
12.728020930144325,green,2070-06-21
9.832296703930163,green,2070-06-22
8.228240472362696,green,2070-06-23
9.467920069416023,blue,2070-06-24
8.703584333659725,blue,2070-06-25
7.893507732326931,red,2070-06-26
6.844862144285452,blue,2070-06-27
,red,2070-06-28
11.972944244578933,red,2070-06-29
,blue,2070-06-30
,,2070-07-01
6.733795677124656,green,2070-07-02
11.248652823909227,blue,2070-07-03
,blue,2070-07-04
,,2070-07-05
8.413373985869784,red,2070-07-06
9.296626561769619,red,2070-07-07
9.091656646647136,red,2070-07-08
11.329761507500898,,2070-07-09
10.833136674828898,red,2070-07-10
,blue,2070-07-11
10.256202430817167,red,2070-07-12
12.913780005285904,blue,2070-07-13
10.67527802714063,green,2070-07-14
12.190543807590071,red,2070-07-15
9.980283393388351,blue,2070-07-16
11.694853262660802,blue,2070-07-17
,blue,2070-07-18
7.536107472709202,green,2070-07-19
7.897591962390238,blue,2070-07-20
8.233217165307508,green,2070-07-21
8.580892084290964,blue,2070-07-22
11.751042133135018,green,2070-07-23
11.835539702591307,,2070-07-24
10.269180447017057,blue,2070-07-25
9.250055044392292,red,2070-07-26
8.062182830298271,green,2070-07-27
12.576188522216306,green,2070-07-28
,blue,2070-07-29
8.100316048707915,blue,2070-07-30
13.53663682563927,red,2070-07-31
12.082752832410318,red,2070-08-01
,green,2070-08-02
12.9463662961608,blue,2070-08-03
10.488394525432724,red,2070-08-04
11.864204876304125,red,2070-08-05
7.8701794499191795,red,2070-08-06
6.309575017730538,green,2070-08-07
14.508068747990867,green,2070-08-08
12.597341407999725,green,2070-08-09
11.56029667619788,green,2070-08-10
12.88045165401959,green,2070-08-11
,blue,2070-08-12
7.932605640496366,blue,2070-08-13
8.648896202252702,green,2070-08-14
,green,2070-08-15
13.374079161792501,blue,2070-08-16
11.482864075737734,red,2070-08-17
9.2089003588618,green,2070-08-18
11.657038404753205,red,2070-08-19
8.448428001589662,red,2070-08-20
9.409142980916107,blue,2070-08-21
,green,2070-08-22
11.77664078887378,red,2070-08-23
10.610923190695003,blue,2070-08-24
,red,2070-08-25
13.431327392857895,,2070-08-26
11.076991864133849,blue,2070-08-27
7.059975045001359,blue,2070-08-28
10.957389824825091,green,2070-08-29
,red,2070-08-30
9.207963328435968,red,2070-08-31
11.71271868769169,blue,2070-09-01
11.738826138232618,blue,2070-09-02
,,2070-09-03
10.872776764630038,green,2070-09-04
10.124308174883321,blue,2070-09-05
6.108660173242356,,2070-09-06
7.733364234911136,blue,2070-09-07
10.919421934913421,green,2070-09-08
9.969639545970963,red,2070-09-09
10.713901003468981,red,2070-09-10
11.317574674778825,,2070-09-11
8.338701448987866,red,2070-09-12
11.130308636599723,red,2070-09-13
11.273824635233037,blue,2070-09-14
11.095104883175884,blue,2070-09-15
12.566855284305307,red,2070-09-16
7.247691437687015,green,2070-09-17
12.02859748463857,blue,2070-09-18
10.00406062115318,,2070-09-19
10.635949152697151,blue,2070-09-20
13.32164309474992,blue,2070-09-21
8.113609591791906,green,2070-09-22
8.96641356524077,blue,2070-09-23
11.97287358951846,,2070-09-24
9.43010297428408,blue,2070-09-25
,blue,2070-09-26
9.00833302670706,green,2070-09-27
13.135335525515554,green,2070-09-28
10.645640471423063,red,2070-09-29
9.074206024718652,,2070-09-30
14.312944746442474,red,2070-10-01
14.564821236922064,blue,2070-10-02
7.076138027867822,red,2070-10-03
10.263766003562642,red,2070-10-04
10.841920454671069,green,2070-10-05
10.011540263625227,green,2070-10-06
6.4901727614868046,red,2070-10-07
10.612051879182344,,2070-10-08
7.282813159390136,blue,2070-10-09
6.2264046711290195,red,2070-10-10
8.98665703175505,red,2070-10-11
,red,2070-10-12
11.973504587625964,blue,2070-10-13
7.853803313737332,red,2070-10-14
11.19615026351756,red,2070-10-15
10.260974863575285,blue,2070-10-16
9.207189073387642,red,2070-10-17
13.333237392718315,blue,2070-10-18
7.403029807523303,red,2070-10-19
6.038112904864946,blue,2070-10-20
13.203179655469395,red,2070-10-21
9.494261957524003,red,2070-10-22
8.832270221516739,green,2070-10-23
8.729178720748191,red,2070-10-24
9.143707054469271,blue,2070-10-25
,blue,2070-10-26
14.34037708630585,green,2070-10-27
9.373306136565589,red,2070-10-28
11.00025099166997,green,2070-10-29
11.043133781932724,green,2070-10-30
8.09900202221138,red,2070-10-31
9.652867479533763,blue,2070-11-01
7.014467623312628,green,2070-11-02
11.57310089141917,blue,2070-11-03
7.596267986877045,,2070-11-04
,red,2070-11-05
13.780507436559928,red,2070-11-06
9.2962368984629,red,2070-11-07
7.009426058998225,,2070-11-08
9.036997490238058,green,2070-11-09
12.41561016435331,blue,2070-11-10
11.11395207605734,green,2070-11-11
4.754713910491887,red,2070-11-12
9.443784032335493,blue,2070-11-13
11.495119636776682,red,2070-11-14
,,2070-11-15
9.948538212947456,red,2070-11-16
6.635510468838326,green,2070-11-17
8.965716013433765,green,2070-11-18
13.875999750211868,red,2070-11-19
9.206592471726019,blue,2070-11-20
11.222394323956589,green,2070-11-21
9.512802066812288,green,2070-11-22
5.7996226583591355,green,2070-11-23
5.574632233755019,red,2070-11-24
12.95266835824541,blue,2070-11-25
11.012241441572263,red,2070-11-26
,red,2070-11-27
11.408675942583912,green,2070-11-28
9.439446344804542,blue,2070-11-29
10.406134907317455,,2070-11-30
8.369220059106448,blue,2070-12-01
14.799788293920383,green,2070-12-02
12.114343936788242,green,2070-12-03
9.317568334108207,blue,2070-12-04
8.562106756458572,green,2070-12-05
7.000330139019497,green,2070-12-06
8.396972773157746,blue,2070-12-07
9.906039410927852,green,2070-12-08
5.31682897554401,green,2070-12-09
7.712541051823953,green,2070-12-10
10.347409635003292,red,2070-12-11
11.84003333908074,blue,2070-12-12
8.964925238102822,red,2070-12-13
10.009577344714193,red,2070-12-14
9.547827237064796,green,2070-12-15
8.847119240408162,green,2070-12-16
,red,2070-12-17
12.5208829095398,red,2070-12-18
12.096809733148792,red,2070-12-19
9.208688705333376,red,2070-12-20
10.00709649405079,blue,2070-12-21
11.571033209121149,green,2070-12-22
11.052461891683475,green,2070-12-23
10.37363072822524,red,2070-12-24
9.69207339357939,green,2070-12-25
13.104485312090404,blue,2070-12-26
10.934599215272625,,2070-12-27
11.411020680050813,red,2070-12-28
10.71740376916742,green,2070-12-29
,green,2070-12-30
10.637514984751304,green,2070-12-31
12.174321079907234,red,2071-01-01
8.423667827726835,green,2071-01-02
9.375028541483118,blue,2071-01-03
7.350266205385501,red,2071-01-04
,blue,2071-01-05
11.550849198169487,red,2071-01-06
10.660142669008184,blue,2071-01-07
,red,2071-01-08
11.323440792412455,red,2071-01-09
12.197247140804123,,2071-01-10
13.376367989923738,red,2071-01-11
11.373321684934243,blue,2071-01-12
10.51996184869086,green,2071-01-13
11.921698447781257,green,2071-01-14
7.620694557489059,red,2071-01-15
10.963828031898624,red,2071-01-16
9.850063391011338,green,2071-01-17
9.578735299707418,green,2071-01-18
9.460798016210955,green,2071-01-19
10.03875224935109,blue,2071-01-20
11.954644609273434,blue,2071-01-21
9.133521476214517,blue,2071-01-22
,red,2071-01-23
7.170827270879542,green,2071-01-24
11.736177710973019,red,2071-01-25
10.301245637637418,blue,2071-01-26
9.968780925704415,green,2071-01-27
11.813577808201092,blue,2071-01-28
10.209350909864737,green,2071-01-29
,blue,2071-01-30
11.836268387666793,blue,2071-01-31
11.295659426127575,blue,2071-02-01
13.586895120483643,green,2071-02-02
8.174949045935481,blue,2071-02-03
7.234680964147609,red,2071-02-04
7.577655437806146,blue,2071-02-05
10.955789342119855,green,2071-02-06
8.446233946637754,red,2071-02-07
10.362142275517785,blue,2071-02-08
7.72969554587843,red,2071-02-09
9.794218841548949,red,2071-02-10
10.866593053112839,red,2071-02-11
10.126950262233974,green,2071-02-12
14.752927464079557,green,2071-02-13
8.03225546722436,green,2071-02-14
11.418684769612062,blue,2071-02-15
9.50009523866782,blue,2071-02-16
6.099288422778471,red,2071-02-17
8.822308652017444,green,2071-02-18
9.99982866410416,green,2071-02-19
9.710531893756551,green,2071-02-20
10.694135761043677,blue,2071-02-21
12.826400299836557,green,2071-02-22
,green,2071-02-23
10.09546907265964,red,2071-02-24
7.213639806458721,blue,2071-02-25
12.25247650427979,blue,2071-02-26
11.236985747107616,blue,2071-02-27
8.802707316032532,red,2071-02-28
9.703218205985442,green,2071-03-01
8.434660116179552,red,2071-03-02
6.625987531263819,green,2071-03-03
9.025110080069398,green,2071-03-04
,blue,2071-03-05
10.30768144897195,green,2071-03-06
12.79380215631604,red,2071-03-07
9.449469824040499,green,2071-03-08
12.32462764410307,green,2071-03-09
11.837564970118622,red,2071-03-10
11.396707479248438,green,2071-03-11
10.205532354531897,green,2071-03-12
12.5998461451057,green,2071-03-13
11.590414498499031,,2071-03-14
9.89173983785463,red,2071-03-15
11.060373903676021,green,2071-03-16
8.588699075090222,red,2071-03-17
,red,2071-03-18
11.803894183524823,,2071-03-19
,blue,2071-03-20
10.312347961838796,red,2071-03-21
8.186673558910961,blue,2071-03-22
12.764701147899208,red,2071-03-23
12.377994568337925,blue,2071-03-24
6.389542033715225,blue,2071-03-25
9.599731810196047,blue,2071-03-26
,blue,2071-03-27
7.118994486971321,red,2071-03-28
12.878092470856519,red,2071-03-29
9.793472847378762,green,2071-03-30
,blue,2071-03-31
6.8151570803693735,green,2071-04-01
9.405612404943218,,2071-04-02
11.7076081818732,red,2071-04-03
15.621518792245274,green,2071-04-04
7.553493440991254,,2071-04-05
10.743452818253658,green,2071-04-06
12.465326870099418,green,2071-04-07
10.8179180431516,blue,2071-04-08
10.621971765780835,,2071-04-09
11.917852550305986,red,2071-04-10
7.250200230355851,green,2071-04-11
9.82413269284221,blue,2071-04-12
11.67619357762055,green,2071-04-13
10.99604898496083,red,2071-04-14
7.612113093169748,red,2071-04-15
9.495812312710296,blue,2071-04-16
,,2071-04-17
12.534873984234473,blue,2071-04-18
7.903531325082689,blue,2071-04-19
5.964502746912125,green,2071-04-20
9.58664694742901,green,2071-04-21
8.549464024022923,red,2071-04-22
9.628341843247357,blue,2071-04-23
4.848826190706183,green,2071-04-24
11.301901572460022,blue,2071-04-25
11.003626032473415,green,2071-04-26
8.588583422010398,blue,2071-04-27
10.501219019926154,green,2071-04-28
8.354753582311979,blue,2071-04-29
10.76970140461597,blue,2071-04-30
12.77303398570926,blue,2071-05-01
,green,2071-05-02
11.762849737206453,blue,2071-05-03
12.36566062984901,green,2071-05-04
9.992757333500112,red,2071-05-05
7.709397294052465,,2071-05-06
11.134680692387004,,2071-05-07
9.145647620287905,blue,2071-05-08
10.390336846251174,,2071-05-09
12.961512706444275,green,2071-05-10
8.143802930343885,green,2071-05-11
13.356508901079536,green,2071-05-12
8.656754983900973,green,2071-05-13
11.262833798939143,blue,2071-05-14
10.542451964589706,green,2071-05-15
10.603329219648238,green,2071-05-16
11.326128625682854,blue,2071-05-17
10.666906692383881,,2071-05-18
9.814002891310922,green,2071-05-19
8.860033015063678,green,2071-05-20
10.197715051595619,blue,2071-05-21
9.878729883110662,green,2071-05-22
,red,2071-05-23
,blue,2071-05-24
7.31668498628366,blue,2071-05-25
11.414391838965393,blue,2071-05-26
9.14316025972724,blue,2071-05-27
10.6809690756149,green,2071-05-28
5.671088575610121,blue,2071-05-29
10.561104713385058,blue,2071-05-30
8.949005208136334,green,2071-05-31
7.650740429049689,blue,2071-06-01
12.100441122126762,red,2071-06-02
10.977566114593019,green,2071-06-03
13.49728623738772,green,2071-06-04
8.649188579749762,blue,2071-06-05
10.852230851206249,blue,2071-06-06
7.08157541143815,red,2071-06-07
7.369633319024914,,2071-06-08
5.8085031929314095,red,2071-06-09
9.353758784308202,blue,2071-06-10
11.500380541418563,,2071-06-11
11.217956804276627,,2071-06-12
8.982610143198148,blue,2071-06-13
10.600127136184408,red,2071-06-14
8.568889661368623,red,2071-06-15
8.478754174079107,green,2071-06-16
10.636208732389315,blue,2071-06-17
10.621407054296668,blue,2071-06-18
9.067354776679817,red,2071-06-19
8.190830307262896,blue,2071-06-20
13.499898252851409,,2071-06-21
7.713612351213672,,2071-06-22
9.163817065411125,red,2071-06-23
14.337229655936433,,2071-06-24
9.110549343548879,red,2071-06-25
11.667477908088943,blue,2071-06-26
8.405650701142878,red,2071-06-27
9.432053229351885,blue,2071-06-28
13.559583393119656,green,2071-06-29
9.610917065594766,blue,2071-06-30
12.576019006219195,blue,2071-07-01
10.134934287294053,blue,2071-07-02
10.688948546871874,blue,2071-07-03
,blue,2071-07-04
10.826661815373303,green,2071-07-05
,red,2071-07-06
9.676922866668434,blue,2071-07-07
10.07778105916011,green,2071-07-08
,green,2071-07-09
9.080043388907242,blue,2071-07-10
7.783028138337821,green,2071-07-11
15.230322150598049,green,2071-07-12
6.076699428485704,green,2071-07-13
,green,2071-07-14
,red,2071-07-15
5.241262873213452,blue,2071-07-16
12.329665550106064,red,2071-07-17
8.20998694105148,blue,2071-07-18
9.357572743497434,blue,2071-07-19
7.2468031646453674,blue,2071-07-20
10.342440147628572,green,2071-07-21
10.95913448406614,green,2071-07-22
8.909833579466968,red,2071-07-23
10.452543151475032,green,2071-07-24
11.085509106034516,green,2071-07-25
7.194621865649789,red,2071-07-26
9.776784182493705,green,2071-07-27
9.633780083657253,green,2071-07-28
9.858490640161632,blue,2071-07-29
9.121539258298485,green,2071-07-30
11.04747053183313,green,2071-07-31
13.621941643117498,blue,2071-08-01
9.81971442822876,green,2071-08-02
6.6101241393076275,green,2071-08-03
9.776951789425963,red,2071-08-04
10.305662858171843,blue,2071-08-05
7.726643322896357,red,2071-08-06
,red,2071-08-07
11.1574198818031,blue,2071-08-08
11.781213395108058,red,2071-08-09
9.82948254720506,blue,2071-08-10
9.12398362068965,green,2071-08-11
13.643703101881478,red,2071-08-12
11.353757104299739,red,2071-08-13
12.67033591283121,red,2071-08-14
14.087647642641478,red,2071-08-15
9.192775568632097,,2071-08-16
9.01800497598644,red,2071-08-17
11.839426307556472,red,2071-08-18
13.751199657163546,green,2071-08-19
8.72279457765265,red,2071-08-20
6.937271076499048,green,2071-08-21
10.2818624036124,green,2071-08-22
9.603676458262944,green,2071-08-23
12.335991762687277,blue,2071-08-24
9.609796251395613,red,2071-08-25
,green,2071-08-26
8.769832887015472,blue,2071-08-27
6.68641250111203,green,2071-08-28
9.574864538268795,blue,2071-08-29
8.614366009304943,blue,2071-08-30
7.352233153087955,blue,2071-08-31
,blue,2071-09-01
10.851417157070886,green,2071-09-02
9.832382361879112,,2071-09-03
,green,2071-09-04
11.265690838390503,green,2071-09-05
9.939664414348465,red,2071-09-06
8.53118309524718,blue,2071-09-07
11.827650949373748,blue,2071-09-08
12.298103495225778,,2071-09-09
9.18446482898459,green,2071-09-10
9.144112858207098,blue,2071-09-11
8.436561792558024,red,2071-09-12
13.681018358109888,red,2071-09-13
11.880588162988738,green,2071-09-14
7.9879885997748925,blue,2071-09-15
14.069648705994453,green,2071-09-16
10.53816455851313,red,2071-09-17
8.632391608861784,,2071-09-18
,,2071-09-19
9.53557468005289,blue,2071-09-20
8.858437245342333,red,2071-09-21
11.459209666814,green,2071-09-22
7.609984647649563,red,2071-09-23
7.381256510123739,,2071-09-24
12.991544574145445,green,2071-09-25
8.11528667944295,red,2071-09-26
9.094594250054415,red,2071-09-27
10.483576506314309,red,2071-09-28
7.331745455529919,blue,2071-09-29
10.411693825700345,green,2071-09-30
12.332358501108661,red,2071-10-01
9.584303277936636,blue,2071-10-02
8.030758169774009,blue,2071-10-03
11.86267384434943,red,2071-10-04
10.751197646487858,blue,2071-10-05
7.829309855615461,green,2071-10-06
9.854123106833313,blue,2071-10-07
,green,2071-10-08
10.592602074754621,blue,2071-10-09
11.556080414293932,blue,2071-10-10
,blue,2071-10-11
12.203305291155035,green,2071-10-12
10.630766538819245,green,2071-10-13
7.025875215727256,green,2071-10-14
8.055264077343821,,2071-10-15
11.016137332902655,green,2071-10-16
8.898158112351643,green,2071-10-17
6.297714743868854,green,2071-10-18
11.519690027613972,,2071-10-19
7.667551563938064,red,2071-10-20
8.253496819035124,red,2071-10-21
6.007503121231972,blue,2071-10-22
8.655516454351108,blue,2071-10-23
,red,2071-10-24
9.766069500557217,blue,2071-10-25
10.523242460065635,blue,2071-10-26
10.46998767618696,green,2071-10-27
10.433684938681369,,2071-10-28
10.772746234886059,green,2071-10-29
12.196167274183031,green,2071-10-30
6.167392999937935,red,2071-10-31
9.228718784830424,blue,2071-11-01
11.29026014405581,blue,2071-11-02
11.20517386363238,blue,2071-11-03
11.556471096843282,,2071-11-04
11.093835351993834,,2071-11-05
,blue,2071-11-06
9.264921211787689,red,2071-11-07
9.452185406440654,,2071-11-08
12.356906435463639,,2071-11-09
,red,2071-11-10
8.581471740600474,red,2071-11-11
10.085679342506785,blue,2071-11-12
7.318839969124237,green,2071-11-13
8.998833678085834,blue,2071-11-14
7.687780822908286,red,2071-11-15
10.250084921076331,red,2071-11-16
6.909314968565804,red,2071-11-17
10.843289903898405,red,2071-11-18
13.075437189213234,green,2071-11-19
7.5330913108426305,green,2071-11-20
8.248348520887399,green,2071-11-21
8.816083923123772,,2071-11-22
8.389632958013788,blue,2071-11-23
8.13244043718703,red,2071-11-24
11.724070676837691,blue,2071-11-25
8.232299660071618,red,2071-11-26
8.619661835648433,green,2071-11-27
9.97425632876537,green,2071-11-28
13.149537198274329,blue,2071-11-29
8.781378861538181,green,2071-11-30
,red,2071-12-01
9.654040502655334,,2071-12-02
8.809756228006032,blue,2071-12-03
12.927165797983143,red,2071-12-04
10.13010424590736,red,2071-12-05
13.189551542293632,blue,2071-12-06
6.704580510143433,red,2071-12-07
9.270267059192577,green,2071-12-08
11.997127559329128,blue,2071-12-09
7.117258396827017,red,2071-12-10
8.50486831196714,green,2071-12-11
14.810651117174697,red,2071-12-12
8.82299697415689,red,2071-12-13
9.594476315955696,red,2071-12-14
9.222753685080736,red,2071-12-15
10.378432730286603,red,2071-12-16
11.620770423116552,green,2071-12-17
9.857969006688238,,2071-12-18
10.641913761023828,red,2071-12-19
,,2071-12-20
13.946193045787417,red,2071-12-21
,blue,2071-12-22
8.884786303946862,,2071-12-23
8.784716779830402,blue,2071-12-24
9.867108316257523,green,2071-12-25
,green,2071-12-26
11.303476278550901,red,2071-12-27
7.9672148901064315,,2071-12-28
10.403400536639472,green,2071-12-29
12.747192053911286,blue,2071-12-30
11.931451802035006,blue,2071-12-31
9.255988497780464,blue,2072-01-01
14.88447628394587,green,2072-01-02
10.824773203470459,blue,2072-01-03
,red,2072-01-04
9.223079476710067,blue,2072-01-05
10.108065279548198,red,2072-01-06
12.588831216019521,blue,2072-01-07
15.153068682225953,red,2072-01-08
10.15282433485429,red,2072-01-09
9.028254245529206,green,2072-01-10
,red,2072-01-11
7.499628544031221,green,2072-01-12
6.906604605417674,blue,2072-01-13
,blue,2072-01-14
,blue,2072-01-15
6.682113646488649,blue,2072-01-16
8.040874230354602,blue,2072-01-17
12.958198858587824,red,2072-01-18
8.160346978318518,green,2072-01-19
10.112846983055976,blue,2072-01-20
10.615665860624574,red,2072-01-21
9.105123444469532,green,2072-01-22
9.308332434300729,,2072-01-23
,red,2072-01-24
10.312073647261744,green,2072-01-25
7.931866399221361,,2072-01-26
10.158806566967376,,2072-01-27
8.492199329256277,red,2072-01-28
12.941423771890566,red,2072-01-29
10.802492532189353,,2072-01-30
6.398643550270141,green,2072-01-31
9.733337310154106,,2072-02-01
9.575040316556459,,2072-02-02
11.242952357719082,,2072-02-03
8.767340059749193,,2072-02-04
13.901509995276689,red,2072-02-05
10.657220559301397,,2072-02-06
5.546329597138132,red,2072-02-07
11.869689238269897,green,2072-02-08
9.914160709649465,green,2072-02-09
10.314550185359227,,2072-02-10
8.608239979484987,green,2072-02-11
,red,2072-02-12
,blue,2072-02-13
11.03245734778682,red,2072-02-14
12.737895234958495,green,2072-02-15
11.307679047217432,green,2072-02-16
10.282760540438382,red,2072-02-17
10.019647925505701,red,2072-02-18
8.922158222769273,blue,2072-02-19
10.592690281382005,blue,2072-02-20
9.032915104528048,blue,2072-02-21
12.369359697097881,red,2072-02-22
,green,2072-02-23
10.839926673692997,green,2072-02-24
12.967545563646942,green,2072-02-25
13.132462495989053,blue,2072-02-26
10.812078051366361,,2072-02-27
8.577066471016733,red,2072-02-28
11.009623575593032,blue,2072-02-29
9.80082134935748,,2072-03-01
10.196514694327936,red,2072-03-02
10.420684065327904,,2072-03-03
7.762758146329771,blue,2072-03-04
14.063346226283588,red,2072-03-05
9.27794603466421,red,2072-03-06
14.974674253340568,green,2072-03-07
12.560683618856139,red,2072-03-08
5.654534180312953,blue,2072-03-09
9.200072731492249,blue,2072-03-10
12.532634293011021,red,2072-03-11
10.317439704133125,red,2072-03-12
5.929440173605973,red,2072-03-13
9.011704546046923,blue,2072-03-14
11.880862898072321,green,2072-03-15
11.967843977169126,blue,2072-03-16
5.5259830955889,blue,2072-03-17
13.260672963932636,red,2072-03-18
8.979407531159229,blue,2072-03-19
11.981017065862591,green,2072-03-20
12.168314190100855,blue,2072-03-21
9.659334048722508,blue,2072-03-22
7.880338119874757,blue,2072-03-23
9.948274927209491,red,2072-03-24
11.970596651979221,blue,2072-03-25
8.268787896846659,red,2072-03-26
9.89539248639751,red,2072-03-27
13.287998134202073,blue,2072-03-28
12.451680555668819,blue,2072-03-29
9.513279096091495,blue,2072-03-30
11.3742416625584,green,2072-03-31
8.373004966804093,green,2072-04-01
13.82910165891159,blue,2072-04-02
8.975795963780264,blue,2072-04-03
,red,2072-04-04
10.601643496933935,,2072-04-05
7.934267434973492,blue,2072-04-06
9.85348429536104,red,2072-04-07
10.262016862234953,blue,2072-04-08
9.298023868905819,green,2072-04-09
11.076385335828881,red,2072-04-10
9.768575157966453,green,2072-04-11
12.001060970978891,green,2072-04-12
9.40905130808361,blue,2072-04-13
8.997144903382999,green,2072-04-14
11.601453568207052,red,2072-04-15
10.081300341033225,red,2072-04-16
10.871629471565864,green,2072-04-17
11.393943799874293,blue,2072-04-18
10.857577809102677,,2072-04-19
8.407796445896054,green,2072-04-20
7.887386243300764,red,2072-04-21
7.933304029952353,blue,2072-04-22
10.882214535042928,green,2072-04-23
8.787174517779711,red,2072-04-24
9.709506126559289,red,2072-04-25
10.159392365310072,green,2072-04-26
9.64557982416566,,2072-04-27
11.593586085190623,green,2072-04-28
,green,2072-04-29
,red,2072-04-30
10.04591267121214,green,2072-05-01
,green,2072-05-02
11.652927306415808,green,2072-05-03
8.314138781085084,green,2072-05-04
9.95307022518961,green,2072-05-05
11.945520211423336,red,2072-05-06
7.96662086001579,green,2072-05-07
11.343120202564133,blue,2072-05-08
9.18831767976871,blue,2072-05-09
12.555326946428128,green,2072-05-10
10.369499953114826,green,2072-05-11
8.103748289884031,red,2072-05-12
9.811695067466626,blue,2072-05-13
12.643642947630951,green,2072-05-14
13.20599818219576,green,2072-05-15
14.406316269553836,red,2072-05-16
8.877582231589772,blue,2072-05-17
,blue,2072-05-18
11.567961054064986,green,2072-05-19
10.704124434731575,blue,2072-05-20
6.031514604494382,red,2072-05-21
10.431341166719792,red,2072-05-22
10.032328630576874,blue,2072-05-23
9.882416638219885,green,2072-05-24
7.392924547694525,blue,2072-05-25
8.099409349379926,green,2072-05-26
10.507223477720188,blue,2072-05-27
11.477360396950568,red,2072-05-28
13.647158504228486,blue,2072-05-29
,red,2072-05-30
8.110801479778901,blue,2072-05-31
11.238318198334849,green,2072-06-01
11.761664253090943,green,2072-06-02
6.9545738333512395,green,2072-06-03
6.62029134001261,red,2072-06-04
11.44756029689945,green,2072-06-05
10.603451568568754,,2072-06-06
9.915230830880802,green,2072-06-07
10.16720014923511,blue,2072-06-08
13.072643822323183,green,2072-06-09
12.002941454821741,blue,2072-06-10
12.163062984083348,blue,2072-06-11
10.494692851152111,red,2072-06-12
11.631164422375356,green,2072-06-13
9.382946889454912,,2072-06-14
,red,2072-06-15
7.237437574946684,red,2072-06-16
10.845669230006893,red,2072-06-17
,,2072-06-18
11.08926496001127,green,2072-06-19
,green,2072-06-20
9.845938395195265,,2072-06-21
12.399509426418886,green,2072-06-22
10.197384950785237,,2072-06-23
9.233606499485312,blue,2072-06-24
8.79441526033098,blue,2072-06-25
8.955290710021298,blue,2072-06-26
10.214412572637036,blue,2072-06-27
11.627972704559363,red,2072-06-28
13.217676949101724,green,2072-06-29
11.52279698624978,red,2072-06-30
10.421182372806285,blue,2072-07-01
9.252624613647686,,2072-07-02
9.366716682433537,blue,2072-07-03
9.279953956832998,red,2072-07-04
9.823722193693639,,2072-07-05
8.991687566074326,red,2072-07-06
7.070931839207844,red,2072-07-07
8.02566403764536,green,2072-07-08
10.110518875680608,blue,2072-07-09
12.043263194446919,blue,2072-07-10
10.730759649504195,blue,2072-07-11
10.93845752361952,green,2072-07-12
,red,2072-07-13
10.008961156617797,,2072-07-14
9.840037947390842,blue,2072-07-15
12.162921530249161,,2072-07-16
9.397441180041758,blue,2072-07-17
12.631325338686572,,2072-07-18
11.126812151250466,red,2072-07-19
10.23508142292874,red,2072-07-20
10.723977857745728,red,2072-07-21
11.801660539063565,red,2072-07-22
10.370820065583198,red,2072-07-23
9.683831825272796,blue,2072-07-24
6.100892426387546,green,2072-07-25
11.055919211948973,,2072-07-26
10.667464317672572,red,2072-07-27
12.416772559079133,green,2072-07-28
8.889838072973882,red,2072-07-29
,red,2072-07-30
,blue,2072-07-31
9.639342619344895,green,2072-08-01
10.765072850567813,red,2072-08-02
7.231444793448574,red,2072-08-03
9.682922524614808,green,2072-08-04
7.098461985769795,,2072-08-05
10.051222057330115,green,2072-08-06
12.144514285583844,green,2072-08-07
14.494613445420939,green,2072-08-08
6.116368023639218,red,2072-08-09
9.584696989814402,,2072-08-10
6.830544023791527,blue,2072-08-11
15.11471737185578,green,2072-08-12
10.912419244239828,red,2072-08-13
7.919653656221018,red,2072-08-14
12.259947059818924,,2072-08-15
17.0809480087037,green,2072-08-16
10.140277944620596,green,2072-08-17
9.089223272948397,red,2072-08-18
13.046788753345565,green,2072-08-19
8.516864917060365,blue,2072-08-20
11.21089916057646,,2072-08-21
9.784541442135437,blue,2072-08-22
11.29012246060299,red,2072-08-23
10.333297635635649,green,2072-08-24
,red,2072-08-25
11.666273479277638,red,2072-08-26
9.514006207808011,blue,2072-08-27
14.679382841290781,green,2072-08-28
,green,2072-08-29
10.094008603622328,green,2072-08-30
12.371868441693993,,2072-08-31
8.405308727940291,blue,2072-09-01
8.045934749747058,green,2072-09-02
9.027246320249843,green,2072-09-03
,red,2072-09-04
,green,2072-09-05
10.77086037165585,red,2072-09-06
12.154349541116574,red,2072-09-07
9.787634775386426,red,2072-09-08
10.369957980495297,blue,2072-09-09
8.811811839487588,blue,2072-09-10
6.700238719688031,green,2072-09-11
11.018541676301771,blue,2072-09-12
10.126297812701493,red,2072-09-13
10.1722100708887,red,2072-09-14
9.804330650838661,blue,2072-09-15
5.738775566312945,red,2072-09-16
8.433943872438826,green,2072-09-17
12.94665231621,,2072-09-18
,,2072-09-19
11.033535531884096,red,2072-09-20
,red,2072-09-21
10.512010052415533,red,2072-09-22
8.281437972607,red,2072-09-23
12.10524718367051,red,2072-09-24
13.374465324438736,blue,2072-09-25
11.02045615310264,red,2072-09-26
9.479031022703822,green,2072-09-27
7.479668001148351,red,2072-09-28
6.4562258315559955,red,2072-09-29
13.685038374853162,blue,2072-09-30
9.617749709544952,,2072-10-01
11.637726098021568,green,2072-10-02
9.939389659622677,blue,2072-10-03
9.606539791335521,,2072-10-04
7.447259786333589,,2072-10-05
7.812511211124874,red,2072-10-06
6.061051692694777,blue,2072-10-07
13.127306814505895,red,2072-10-08
10.306243750265484,blue,2072-10-09
10.474296008064934,red,2072-10-10
7.214955205851844,red,2072-10-11
5.709348820922168,red,2072-10-12
8.438404030641223,green,2072-10-13
8.566394242919154,blue,2072-10-14
10.09923965503711,blue,2072-10-15
12.41063833369158,red,2072-10-16
,red,2072-10-17
11.841841863670872,green,2072-10-18
9.911231528743706,red,2072-10-19
12.403763559545823,green,2072-10-20
11.060066368643847,red,2072-10-21
10.521754185778102,blue,2072-10-22
,red,2072-10-23
,red,2072-10-24
8.20112523800828,blue,2072-10-25
10.928782641828946,green,2072-10-26
10.431158545061045,red,2072-10-27
7.4448159350791245,blue,2072-10-28
8.281069891935552,,2072-10-29
9.068079899283857,green,2072-10-30
,blue,2072-10-31
10.732110203515818,blue,2072-11-01
,green,2072-11-02
12.323146268378771,blue,2072-11-03
6.011246317799573,blue,2072-11-04
8.678087562708303,red,2072-11-05
10.994221133607173,red,2072-11-06
10.078951437422836,green,2072-11-07
7.293553672142439,,2072-11-08
7.2435763878173525,blue,2072-11-09
9.164759834995314,,2072-11-10
9.728882951125314,green,2072-11-11
10.46029121759011,blue,2072-11-12
,blue,2072-11-13
14.505127218573337,red,2072-11-14
8.556413393303952,red,2072-11-15
8.476649934095715,blue,2072-11-16
10.102944663815721,green,2072-11-17
9.954380369817356,blue,2072-11-18
9.382006369010249,green,2072-11-19
11.44224506909987,green,2072-11-20
,green,2072-11-21
,,2072-11-22
11.759120876106298,red,2072-11-23
9.08064420520958,blue,2072-11-24
10.63728772229126,,2072-11-25
7.724615435380413,blue,2072-11-26
7.879600242556195,red,2072-11-27
8.327541374662804,blue,2072-11-28
10.073298766149351,blue,2072-11-29
,blue,2072-11-30
,green,2072-12-01
10.386319753830575,blue,2072-12-02
11.10811821357415,red,2072-12-03
11.85589025999348,green,2072-12-04
10.285133715525308,red,2072-12-05
8.924626314195597,green,2072-12-06
12.281357529733945,blue,2072-12-07
13.664851147740036,blue,2072-12-08
9.627602317589071,,2072-12-09
7.426309464180328,blue,2072-12-10
6.25654104873258,green,2072-12-11
,red,2072-12-12
6.607983636223437,green,2072-12-13
13.427876336888772,blue,2072-12-14
,green,2072-12-15
10.811851364002493,blue,2072-12-16
13.449175500682667,red,2072-12-17
9.334970148893742,green,2072-12-18
11.75623256790276,green,2072-12-19
11.101619801194046,red,2072-12-20
9.956032413230227,blue,2072-12-21
8.91695759829727,red,2072-12-22
10.458038338530368,green,2072-12-23
7.144327269935301,green,2072-12-24
7.923203188660468,green,2072-12-25
11.180924604566012,blue,2072-12-26
8.207470568432646,blue,2072-12-27
9.288913208966159,,2072-12-28
9.081999156546154,green,2072-12-29
14.115911504905768,blue,2072-12-30
6.308271700229309,red,2072-12-31
9.56435621804631,red,2073-01-01
10.9226084300039,green,2073-01-02
5.7493889120899055,blue,2073-01-03
9.033860526048102,green,2073-01-04
8.788019036764268,green,2073-01-05
13.133507392093765,red,2073-01-06
9.875635375885057,red,2073-01-07
8.539377575129418,green,2073-01-08
6.244329597127855,green,2073-01-09
7.42186795887892,green,2073-01-10
11.764908182873999,blue,2073-01-11
9.690036031809145,blue,2073-01-12
12.564767396113155,red,2073-01-13
8.036240249134199,green,2073-01-14
7.71535419601711,red,2073-01-15
8.51850741614233,blue,2073-01-16
8.269439747357989,blue,2073-01-17
10.032549689511425,blue,2073-01-18
10.431192194477596,blue,2073-01-19
9.096687300480673,red,2073-01-20
,green,2073-01-21
,red,2073-01-22
8.91755064670178,blue,2073-01-23
9.9772326418149,blue,2073-01-24
8.686600681813943,blue,2073-01-25
13.017776806082752,red,2073-01-26
11.526649617202303,red,2073-01-27
10.837610675701741,red,2073-01-28
8.642998277333465,red,2073-01-29
8.917302840223243,blue,2073-01-30
6.288066450303614,blue,2073-01-31
11.83405100797192,,2073-02-01
9.196232901354884,red,2073-02-02
10.14506861773162,red,2073-02-03
9.13319197903375,green,2073-02-04
9.811613835470357,blue,2073-02-05
8.907043548860662,blue,2073-02-06
11.78850752139212,blue,2073-02-07
6.2945899322910375,green,2073-02-08
10.63924434912065,green,2073-02-09
10.144063017313933,blue,2073-02-10
,blue,2073-02-11
8.081831350027269,green,2073-02-12
10.209884725757645,,2073-02-13
5.621223468025155,green,2073-02-14
7.306356445747333,green,2073-02-15
9.299546803025782,blue,2073-02-16
8.783300210165956,red,2073-02-17
9.832923785709017,blue,2073-02-18
7.975055999871469,red,2073-02-19
4.8685978190418435,blue,2073-02-20
11.701587453053076,red,2073-02-21
8.74240634232962,red,2073-02-22
9.866612112057869,blue,2073-02-23
8.078266189125285,green,2073-02-24
9.638621803759795,,2073-02-25
8.135428645613763,green,2073-02-26
8.973492379804203,blue,2073-02-27
11.630584513086875,green,2073-02-28
8.302769011424614,red,2073-03-01
9.643427362057619,green,2073-03-02
10.077730063803935,blue,2073-03-03
7.911922811850625,blue,2073-03-04
12.86092780541119,green,2073-03-05
11.295230403133015,red,2073-03-06
7.609780861912869,red,2073-03-07
9.278112412908603,red,2073-03-08
8.698850588928783,red,2073-03-09
,blue,2073-03-10
8.85573702968679,blue,2073-03-11
10.661372815839306,,2073-03-12
8.45091810628885,blue,2073-03-13
7.830903141988389,green,2073-03-14
12.531401347807494,blue,2073-03-15
10.833531429580455,red,2073-03-16
13.308393171877125,red,2073-03-17
7.78808858005987,blue,2073-03-18
6.771168505151023,blue,2073-03-19
13.275116718205426,red,2073-03-20
8.25317923326616,blue,2073-03-21
10.055374464040105,green,2073-03-22
9.890493741419066,,2073-03-23
10.881523535924606,green,2073-03-24
7.2117817064029275,,2073-03-25
7.789013990537006,red,2073-03-26
10.83473090692755,red,2073-03-27
8.326535828034949,,2073-03-28
8.592670054436995,,2073-03-29
11.590744298126332,red,2073-03-30
9.50444554835405,red,2073-03-31
10.574239275354483,red,2073-04-01
10.611735620411368,red,2073-04-02
9.310728741220354,green,2073-04-03
,red,2073-04-04
9.06925757808887,red,2073-04-05
9.521953132331756,blue,2073-04-06
9.69975891289307,red,2073-04-07
9.677123058320706,green,2073-04-08
9.149586615681814,green,2073-04-09
8.656268233941292,blue,2073-04-10
5.410328470696651,green,2073-04-11
11.93238384887056,blue,2073-04-12
